Pestador ;Sede;Dirección;Teléfono;Email;Grupo de Servicio ;BÁSICO;MEDICALIZADO;URGENCIAS
333 ASISTENCIAS MEDICAS SAS SIGLA 333 AM;333 ASISTENCIAS MEDICAS SAS SIGLA 333 AM;DIAGONAL 79 B 62-21 LOCAL 1 PISO 1;3223611646;333asistenciasmedicas@gmail.com;Atención Inmediata;X;;
ADMINISTRADORA CLINICA LA COLINA SAS;ADMINISTRADORA CLINICA LA COLINA SAS;CALLE 167 72 07 PISO 1,PISO 2 (EXCEPTO CONSULTORIOS 215 Y 216),PISO 3, PISO 4,PISO 5,PISO 6,PISO 7 Y PISO 8;6013905355;notificacionesclc@clinicadelcountry.com;Atención Inmediata;;;X
ADMINISTRADORA COUNTRY S.A.S;CLINICA DEL COUNTRY IPS;CRA 16 # 82 57;6013905099;notificacionescdc@clinicadelcountry.com;Atención Inmediata;;;X
AEROMAS SAS;AEROMAS SAS;Avenida Calle 26 113 81 Aeropuerto Internacional El Dorado En 6 Hg 15 Piso 1 Nzag;3175867106;habilitacion@aeromas.com.co;Atención Inmediata;;X;
aerosanidad sas;aerosanidad sas;CR 28A #71-94 PISO 1;3507256387;gerencia@aerosanidadsas.com;Atención Inmediata;X;;
Alianza Codigo Rojo IPS SAS;Alianza Código Rojo IPS SAS;Carrera 18#56 a-46 SUR;3227373252;medicalsaludcodigorojo@gmail.com;Atención Inmediata;X;;
ALIANZA DE AMBULANCIAS MEDICA SAS;ALIANZA DE AMBULANCIAS MEDICA S.A.S;CALLE 102 A # 70 B - 80;6245072 - 6240648;alianzaamedica@hotmail.com;Atención Inmediata;X;;
ALIANZA DE AMBULANCIAS MEDICA SAS;ALIANZA DE AMBULANCIAS MEDICA S.A.S;CALLE 102 A # 70 B - 80;6245072 - 6240648;alianzaamedica@hotmail.com;Atención Inmediata;X;;
ambucol sociedad por acciones simplificadas - ambucol sas;ambucol sociedad por acciones simplificadas - ambucol sas;Calle 151A # 92- 91;4711757;ambucol@gmail.com;Atención Inmediata;X;;
AMBULANCIAS AEREAS DE COLOMBIA S.A.S.;AMBULANCIAS AEREAS DE COLOMBIA S.A.S.;Carrera 103 # 26-92 Int 09 hangar 182;3125488322 3108814575;direccionmedica@ambulanciasaereasdecolombia.com administracion@ambulanciasaereasdecolombia.com;Atención Inmediata;;X;
AMBULANCIAS EMERGENCIAS & SERVICIOS ASISTENCIALES SAS SIGLA AMBULANCIAS E.S.A S.A.S;AMBULANCIAS E.S.A S.A.S SEDE BOGOTA;CALLE 41 B SUR Nº 79 G 21 PISO 1;3133105207;AMBULANCIASESAS@GMAIL.COM;Atención Inmediata;X;;
AMBULANCIAS FUERZA VITAL SAS;AMBULANCIAS FUERZA VITAL SAS;CARRERA 81 A Nº 60-42 SUR PISO 1;3118327515;ambulanciasfuerzavitalsas@gmail.com;Atención Inmediata;X;;
AMBULANCIAS INTEGRALES DE COLOMBIA A.I.C. SAS;AMBULANCIAS INTEGRALES DE COLOMBIA A.I.C. SAS;CALLE 37 SUR # 68 I 23 piso 1;7652655;yulypacan@gmail.com;Atención Inmediata;X;;
AMBULANCIAS MEDICAS PROFESIONALES S.A.S;AMBULANCIAS MEDICAS PROFESIONALES S.A.S;CARRERA 65 B # 74 A 14;6205105, 2250962, 2404330;ambulanciasmedicas@hotmail.com;Atención Inmediata;X;;
AMBULANCIAS PRIMEROS AUXILIOS LTDA;AMBULANCIAS PRIMEROS AUXILIOS LTDA;KR 32 B # 2 43;2770977;operaciones@apa.net.co;Atención Inmediata;X;X;
AMBULANCIAS PRIMEROS AUXILIOS LTDA;AMBULANCIAS PRIMEROS AUXILIOS LTDA;KR 32 B # 2 43;2770977;operaciones@apa.net.co;Atención Inmediata;X;X;
AMBULANCIAS SEGUNDOS DE VIDA SAS;AMBULANCIAS SEGUNDOS DE VIDA SEDE BOGOTA;CALLE 69 A BIS # 90 - 67 PISO 1;3102244480;ambulanciassegundosdevida@gmail.com;Atención Inmediata;X;;
AMBULANCIAS Y SERVICIOS MEDICOS S A;AMBULANCIAS Y SERVICIOS MEDICOS S A;CL 62 # 26 29;2359377;asmambulancias@yahoo.com;Atención Inmediata;X;X;
AMBULANCIAS Y SERVICIOS MEDICOS S A;AMBULANCIAS Y SERVICIOS MEDICOS S A;CL 62 # 26 29;2359377;asmambulancias@yahoo.com;Atención Inmediata;X;X;
Ambulife sas;Ambulife sas;CARRERA 82 Nº 70 A 03 SUR P1;3144937618;AMBULIFESAS@GMAIL.COM;Atención Inmediata;X;X;
Ambulife sas;Ambulife sas;CARRERA 82 Nº 70 A 03 SUR P1;3144937618;AMBULIFESAS@GMAIL.COM;Atención Inmediata;X;X;
AMBUMED SAS;AMBUMED SAS SEDE BOGOTA;CALLE 49 A SUR 28-36 PISO 1;3002089148;ambumedsas.724@gmail.com;Atención Inmediata;X;;
AMBUSALUD RCP SAS;AMBUSALUD RCP;AK 72 N 74 A 46;(+57) 3138432498- 3208906255 (031)7045807;ambusaludrcp@gmail.com;Atención Inmediata;X;;
AMBU-SANAR S.A.S SIGLA AMBUSAS;AMBU-SANAR S.A.S SIGLA AMBUSAS;CRA 69 K # 79 - 67 Piso 1;3212180015;ambusanar2021@gmail.com;Atención Inmediata;X;X;
AMBU-SANAR S.A.S SIGLA AMBUSAS;AMBU-SANAR S.A.S SIGLA AMBUSAS;CRA 69 K # 79 - 67 Piso 1;3212180015;ambusanar2021@gmail.com;Atención Inmediata;X;X;
AMBUSURE IPS S.A.S.;AMBUSURE IPS;TR 77 C 47-16 P1;3214882104;ambusureips@gmail.com;Atención Inmediata;X;;
APPSEMI S.A.S;APPSEMI S.A.S;CL 79B # 29B - 44 Piso 1;3237385185;appsemiambulancias@gmail.com;Atención Inmediata;X;X;
APPSEMI S.A.S;APPSEMI S.A.S;CL 79B # 29B - 44 Piso 1;3237385185;appsemiambulancias@gmail.com;Atención Inmediata;X;X;
ASISTENCIA MEDICA EN LINEA SAS;ASISTENCIA MEDICA EN LINEA SAS;CRA 14 N° 24 17 SUR PISO 1;2782446;asismed.enlinea@gmail.com;Atención Inmediata;X;X;
ASISTENCIA MEDICA EN LINEA SAS;ASISTENCIA MEDICA EN LINEA SAS;CRA 14 N° 24 17 SUR PISO 1;2782446;asismed.enlinea@gmail.com;Atención Inmediata;X;X;
ASISTENCIA MEDICA ESPECIAL EN SALUD IPS SAS SIGLA AMESALUD IPS SAS;ASISTENCIA MEDICA ESPECIAL EN SALUD IPS SAS SIGLA AMESALUD IPS SAS;CALLE 42 SUR 78M 35, PRIMER PISO;3045779362;ipsservices2024@gmail.com;Atención Inmediata;X;;
ASMED SALUD SAS;ASMED SALUD SAS;Calle 5 Sur No 71d-14;3164541759 - 3173816515;asmedsaludsas@gmail.com;Atención Inmediata;;X;
ASOCIACION DE AMIGOS CONTRA EL CANCER PROSEGUIR;PROSEGUIR SEDE 3;CARRERA 16 No 59-04 / 54;5557080 EXT 1026;calidad@proseguir.org;Atención Inmediata;X;;
AYP AMBULANCIAS SAS;AYP AMBULANCIAS SAS;CARRERA 19 # 56-31 SUR PISO 1;3103020981;aypambulancias.sas@gmail.com;Atención Inmediata;X;;
AYUDA MEDICA DOMICILIARIA Y EMPRESARIAL SOLUCIONES EN SALUD OCUPACIONAL S A S;AYUDA MEDICA DOMICILIARIA Y EMPRESARIAL SOLUCIONES EN SALUD OCUPACIONAL S A S;Carrera 69F # 64F-43 Piso 1;601 3907495 3176681051;habilitacion@ayudamedica.com.co gerencia@ayudamedica.com.co;Atención Inmediata;X;;
AYUDA MEDICA TERRITORIAL EN AMBULANCIAS AYMEDT AMBULANCIAS LTDA;AYUDA MEDICA TERRITORIAL EN AMBULANCIAS AYMEDT AMBULANCIAS LTDA;KR 20 # 20 41 SUR PISO 1;3132072421;aymedtambulancias@hotmail.com;Atención Inmediata;X;X;
AYUDA MEDICA TERRITORIAL EN AMBULANCIAS AYMEDT AMBULANCIAS LTDA;AYUDA MEDICA TERRITORIAL EN AMBULANCIAS AYMEDT AMBULANCIAS LTDA;KR 20 # 20 41 SUR PISO 1;3132072421;aymedtambulancias@hotmail.com;Atención Inmediata;X;X;
Blue health colombia sas;Blue health colombia sas;CALLE 94A No 58 - 40 BG P 1;3164339311;bluehealthsas@gmail.com;Atención Inmediata;X;X;
Blue health colombia sas;Blue health colombia sas;CALLE 94A No 58 - 40 BG P 1;3164339311;bluehealthsas@gmail.com;Atención Inmediata;X;X;
BLUE MEDICALL AMBULANCE SAS;BLUE MEDICALL AMBULANCE SAS;CARRERA 30 No 1-07 PISO 1;3103194526;blueemedicall2022@gmail.com;Atención Inmediata;X;;
CAJA COLOMBIANA DE SUBSIDIO FAMILIAR COLSUBSIDIO;CLINICA INFANTIL COLSUBSIDIO;CALLE 66 # 10 - 48;7467310 extensión 75210;calidad.colsubsidio@colsubsidio.com;Atención Inmediata;;;X
CAJA COLOMBIANA DE SUBSIDIO FAMILIAR COLSUBSIDIO;CENTRO MEDICO COLSUBSIDIO QUIROGA;CL 38 SUR # 18 30;7607461 Ext. 101;calidad.colsubsidio@colsubsidio.com;Atención Inmediata;;;X
CAJA DE COMPENSACIÓN FAMILIAR CAFAM;Centro de Atención en Salud Cafam Floresta;AK 68 No.90-88;5550700 ext 12017-12015;calidadsalud@cafam.com.co;Atención Inmediata;;;X
CAJA DE COMPENSACIÓN FAMILIAR CAFAM;Centro de Atención en Salud Cafam Suba;KR 113 C # 142 A 98;5550700 ext 12017-12015;calidadsalud@cafam.com.co;Atención Inmediata;;;X
CDF SERVICIO OPORTUNO DE TRANSPORTE EN AMBULANCIA SAS;CDF SERVICIO OPORTUNO DE TRANSPORTE EN AMBULANCIA SAS;CARRERA 79 B SUR 41 F 57 PISO 1;3103287816;SERVICIOOPORTUNODEEMERGENCIA@GMAIL.COM;Atención Inmediata;X;;
CENTRO INTEGRAL DE INNOVACIÓN Y TECNOLOGÍA CLÍNICA ONKOS S.A.S;CENTRO INTEGRAL DE INNOVACIÓN Y TECNOLOGÍA CLÍNICA ONKOS S.A.S;Diagonal 33 Bis A # 14 37;3208400 ext 290 - 3203037398;dianaespinosanarvaez@gmail.com;Atención Inmediata;X;;
CENTROS MEDICOS COLSANITAS S.A.S;CENTRAL DE URGENCIAS NORTE;Calle 163 A 22 22;6466060 Ext 5719469;mnempeque@epssanitas.com;Atención Inmediata;;;X
CENTROS MEDICOS COLSANITAS S.A.S;UNIDAD DE URGENCIAS PUENTE ARANDA;Carrera 62 14 41;6466060;mnempeque@epssanitas.com;Atención Inmediata;;;X
CLÍNICA COLSANITAS S.A.;CLINICA REINA SOFIA;Cra 21 127 03 / Ac 127 21 60 Cn 106 Al 111, 202, 203, 211, 214, 225, 316, 322, 324, 410 A Y B, 424;6466060 ext 5717528;calidadclinica@colsanitas.com;Atención Inmediata;;;X
CLÍNICA COLSANITAS S.A.;CLINICA UNIVERSITARIA COLOMBIA;Cl236646Int5Int4Cs201Al209,3P501,503,505Al507,509,703,704,706,708,710,714Al717,719Al723,725Al727,803,811,813,814,816A818,822A825,903,907,911,915,919A921,927,1004,1009,1013,1015Al1019,1103,1119,1121,1122,1203,1206,1209,1210,1214A12161218A1220122212251226;5948650;calidadclinica@colsanitas.com;Atención Inmediata;;;X
CLÍNICA COLSANITAS S.A.;CLINICA REINA SOFIA PEDIATRICA Y MUJER;Ac 127 No 20 - 56;6466060;calidadclinica@colsanitas.com;Atención Inmediata;;;X
CLÍNICA COLSANITAS S.A.;CENTRO MEDICO COLSANITAS EL DORADO;AVENIDA CALLE 26 # 113 - 90;6466060;calidadclinica@colsanitas.com;Atención Inmediata;X;;
CLÍNICA COLSANITAS S.A.;CLÍNICA INFANTIL SANTA MARÍA DEL LAGO;CL 73 A NO. 76 66;3406767;calidadclinica@colsanitas.com;Atención Inmediata;;;X
CLINICA DE LA MUJER S.A.S.;CLINICA DE LA MUJER;KR 19 C # 91 17;6161799- 3506005706;Elizabeth.Parada@QuironSalud.com;Atención Inmediata;;;X
CLINICA DE MARLY S.A;CLINICA DE MARLY;CL 50 # 9 67;3436600;cmarly@clinicademarly.com.co;Atención Inmediata;;;X
CLINICA DE MARLY S.A;CLINICA DE MARLY;CL 50 # 9 67;3436600;cmarly@clinicademarly.com.co;Atención Inmediata;;;X
CLÍNICA DE NUESTRA SEÑORA DE LA PAZ;CLINICA DE NUESTRA SEÑORA DE LA PAZ;CARRERA 69 # 12 - 75;2921277;gestorcalidad@cllapaz.com.co;Atención Inmediata;;;X
CLINICA DEL OCCIDENTE S.A.;CLINICA DEL OCCIDENTE S.A.;AV DE LAS AMERICAS # 71 C 29;4254620 Ext 150;calidad@clinicadeloccidente.com;Atención Inmediata;;;X
CLINICA DEL TRABAJADOR SAS;CLININORTE 161;Ac 161 16 C 39/51;3188604159;gerencia@clinicadeltrabajador.com;Atención Inmediata;;;X
CLINICA JUAN N CORPAS LTDA;CLINICA JUAN N CORPAS LTDA;KR 111 # 159 A 61;6865000 Ext.1060 - 3233103491;dir_calidad@clinicajuanncorpas.com;Atención Inmediata;;;X
CLINICA LOS NOGALES SAS;CLINICA LOS NOGALES SAS;Calle 95 N° 23-61;5937000 Ext: 2045 / 2036 Cel: 3014199316;notificacioneslegales@clinicanogales.com;Atención Inmediata;;;X
CLINICA MEDICAL SAS;CLINICA MEDICAL S.A.S.;Calle 36 Sur No 77 - 33;4505200 3168757999;coor.calidad@clinicamedical.com.co;Atención Inmediata;;;X
CLINICA NUEVA EL LAGO S.A.S.;CLINICA NUEVA EL LAGO S.A.S - SEDE CALLE 76;Calle 76 No. 15-55 Sótano 1 (S1-1 S1-2 S1-6 S1-7 S1-8 S1-9 S1-10 S1-11) Pisos 1-2-3-4-5-6-7-8-9;3078061 - 3123459128;info@clinicanuevaellago.com;Atención Inmediata;;;X
CLINICA NUEVA EL LAGO S.A.S.;CLINICA NUEVA EL LAGO S.A.S - SEDE CALLE 76;Calle 76 No. 15-55 Sótano 1 (S1-1 S1-2 S1-6 S1-7 S1-8 S1-9 S1-10 S1-11) Pisos 1-2-3-4-5-6-7-8-9;3078061 - 3123459128;info@clinicanuevaellago.com;Atención Inmediata;;;X
Clínica Santa Mónica de Bogotá SAS;CLÍNICA AZUL;KR 49 D # 91 33, piso 1,3,4,5,6,7,y 2 ala Norte;3184871071;calidadca@clinicaazul.co;Atención Inmediata;;;X
COLCHARTER IPS SAS;COLCHARTER IPS SAS;Autopista Norte Km 16, Via Guaymaral Lote 9 , Manzana A / Aeropuerto Guaymaral;3176409979;direccionmedica@colcharter.com contabilidad@colcharter.com;Atención Inmediata;;X;
COMUNIDAD HERMANAS HOSPITALARIAS DEL SAGRADO CORAZON DE JESUS;CLINICA LA INMACULADA;CRA 7 # 68 70;5870366;inmaculada@clinicalainmaculada.org;Atención Inmediata;;;X
CONCESION PARQUE SALITRE MAGICO SAS siglas SAMA PARK SAS;CONCESION PARQUE SALITRE MAGICO SAS siglas SAMA PAK SAS;AC 63 # 60-80;6605000 -3122320086;contacto@salitremagico.com.co/sermedico@salitremagico.com.co;Atención Inmediata;X;;
CONGREGACION DE DOMINICAS DE SANTA CATALINA DE SENA;CLINICA NUEVA;CL 45 F # 16 A 11;3274444 ext 515-530;calidad@clinicanueva.com;Atención Inmediata;;;X
CONGREGACION DE LAS HERMANAS DE LA CARIDAD DOMINICAS DE LA PRESENTACION DE LA SANTISIMA VIRGEN;CLINICA PALERMO;Calle 45 C No. 22-02;7454500;GestiondeCalidad@clinicapalermo.com.co;Atención Inmediata;;;X
Coomeva Medicina Prepagada S.A;CENTRO MEDICO COOMEVA MEDICINA PREPAGADA;Cl 102 # 14A - 70 P1 - P2 - P3 y P4;3175872790;nelson_infante@coomeva.com.co dianap_ospina@coomeva.com.co lauran_medina@coomeva.com.co;Atención Inmediata;X;;
Coomeva Medicina Prepagada S.A;CENTRO MEDICO COOMEVA MEDICINA PREPAGADA;Cl 102 # 14A - 70 P1 - P2 - P3 y P4;3175872790;nelson_infante@coomeva.com.co dianap_ospina@coomeva.com.co lauran_medina@coomeva.com.co;Atención Inmediata;X;;
CORPORACIÓN HOSPITALARIA JUAN CIUDAD;HOSPITAL UNIVERSITARIO MAYOR-MEDERI;CL 24 # 29 45;7055999 Ext 4140;ana.ulloa@mederi.com.co;Atención Inmediata;;;X
CORPORACIÓN HOSPITALARIA JUAN CIUDAD;HOSPITAL UNIVERSITARIO BARRIOS UNIDOS-MEDERI;CL 66 A # 52 25;4855970 ext 6214;ana.ulloa@mederi.com.co;Atención Inmediata;;;X
CPO S A;CENTRO POLICLINICO DEL OLAYA;KR 20 23 23 SUR;3612888;zayda.rodriguez@cpolaya.com.co;Atención Inmediata;;;X
CRUZ ROJA COLOMBIANA SECCIONAL CUNDINAMARCA Y BOGOTA;CRUZ ROJA COLOMBIANA SECCIONAL CUNDINAMARCA Y BOGOTA;AK 68 No 68 B 31;7460909;dsalud@cruzrojabogota.org.co;Atención Inmediata;;;X
CRUZ ROJA COLOMBIANA SECCIONAL CUNDINAMARCA Y BOGOTA;CRUZ ROJA COLOMBIANA SECCIONAL CUNDINAMARCA Y BOGOTA SEDE NORTE;AC 134 NO. 7 B-41 PUERTA 2 Piso 1 y Piso 2, Excepto el Laboratorio Clínico y Toma de Muestras del Piso 1;7460909;dsalud@cruzrojabogota.org.co;Atención Inmediata;;;X
CRUZ ROJA COLOMBIANA SECCIONAL CUNDINAMARCA Y BOGOTA;CRUZ ROJA COLOMBIANA SECCIONAL CUNDINAMARCA Y BOGOTA SEDE ALQUERIA;Av. CRA. 68 No. 31 - 41 SUR;7460909;dsalud@cruzrojabogota.org.co;Atención Inmediata;;;X
CRUZ ROJA COLOMBIANA SECCIONAL CUNDINAMARCA Y BOGOTA;CRUZ ROJA COLOMBIANA SECCIONAL CUNDINAMARCA Y BOGOTA SEDE CALLE 73;KR 23 # 73 19 TO A PI 1-2-3;7460909 EXT 102 103;dsalud@cruzrojabogota.org.co;Atención Inmediata;;;X
CRUZ ROJA COLOMBIANA SECCIONAL CUNDINAMARCA Y BOGOTA;CRUZ ROJA COLOMBIANA SECCIONAL CUNDINAMARCA Y BOGOTA SEDE CALLE 73;KR 23 # 73 19 TO A PI 1-2-3;7460909 EXT 102 103;dsalud@cruzrojabogota.org.co;Atención Inmediata;;;X
CUIDARTE TU SALUD S.A.S.;CUIDARTE TU SALUD S.A.S;AVENIDA CALLE 63 # 69F-26;3152582777;notificacionescuidarte@cuidartetusalud.com;Atención Inmediata;X;;
CUIDARTE TU SALUD S.A.S.;CUIDARTE TU SALUD S.A.S;AVENIDA CALLE 63 # 69F-26;3152582777;notificacionescuidarte@cuidartetusalud.com;Atención Inmediata;X;;
DDC IPS S.A.S;DDC IPS S.A.S.;CALLE 75 N° 69K 64;3922912/3134139473;ddcipssas@hotmail.com;Atención Inmediata;X;;
DDC IPS S.A.S;DDC IPS S.A.S.;CALLE 75 N° 69K 64;3922912/3134139473;ddcipssas@hotmail.com;Atención Inmediata;X;;
Delta Force Medics S.A.S;DELTA FORCE MEDIC'S S.A.S;carrera 72 J # 36-13 sur PISO 1;3214654138;deltaforcemedic905@gmail.com;Atención Inmediata;X;;
EMERGENCY MANAGEMENT TRAINING SAS;EMERGENCY MANAGEMENT TRAINING SAS;CARRERA 79 D # 40 A - 35 SUR PISO 1;3134283390;vitalisventurasas@gmail.com;Atención Inmediata;X;;
EMERMEDICA S.A. SERVICIOS DE AMBULANCIA PREPAGADOS;EMERMEDICA S.A. BOGOTÀ;KRA. 19 B No. 168 -35;3077098;notificaciones@emermedica.com.co;Atención Inmediata;X;;
EMERMEDICA S.A. SERVICIOS DE AMBULANCIA PREPAGADOS;EMERMEDICA S.A. BOGOTÀ;KRA. 19 B No. 168 -35;3077098;notificaciones@emermedica.com.co;Atención Inmediata;X;;
EMERMEDICA S.A. SERVICIOS DE AMBULANCIA PREPAGADOS;EMERMEDICA VILLA ALSACIA;calle 12b No 71d-61 LC ST;5190219;notificaciones@emermedica.com.co;Atención Inmediata;X;;
EMERMEDICA S.A. SERVICIOS DE AMBULANCIA PREPAGADOS;EMERMEDICA VILLA ALSACIA;calle 12b No 71d-61 LC ST;5190219;notificaciones@emermedica.com.co;Atención Inmediata;X;;
EMPRESA DE MEDICINA INTEGRAL EMI S.A.S. SERVICIO DE AMBULANCIA PREPAGADA;EMPRESA DE MEDICINA INTEGRAL EMI SAS SERVICIO DE AMBULANCIA PREPAGADA- GRUPO EMI S.A.S;KR 68 D # 18 30;6013077364 - 3133834358;juan.alfonso@grupoemi.com;Atención Inmediata;X;;
EMPRESA DE MEDICINA INTEGRAL EMI S.A.S. SERVICIO DE AMBULANCIA PREPAGADA;EMPRESA DE MEDICINA INTEGRAL EMI SAS SERVICIO DE AMBULANCIA PREPAGADA- GRUPO EMI S.A.S;KR 68 D # 18 30;6013077364 - 3133834358;juan.alfonso@grupoemi.com;Atención Inmediata;X;;
EMPRESA SOCIAL DEL ESTADO HOSPITAL UNIVERSITARIO DE LA SAMARITANA;EMPRESA SOCIAL DEL ESTADO HOSPITAL UNIVERSITARIO DE LA SAMARITANA;CRA 8 # 0 29 SUR;4077075 ext 10702;gerencia@hus.org.co;Atención Inmediata;;X;X
EMPRESA SOCIAL DEL ESTADO HOSPITAL UNIVERSITARIO DE LA SAMARITANA;EMPRESA SOCIAL DEL ESTADO HOSPITAL UNIVERSITARIO DE LA SAMARITANA;CRA 8 # 0 29 SUR;4077075 ext 10702;gerencia@hus.org.co;Atención Inmediata;;X;X
ERMEDICALLS S.A.S;ERMEDICALLS S.A.S;CALLE 87 BIS # 85 - 39;4580666 - 4580667;ermedicalls@gmail.com;Atención Inmediata;X;X;
ERMEDICALLS S.A.S;ERMEDICALLS S.A.S;CALLE 87 BIS # 85 - 39;4580666 - 4580667;ermedicalls@gmail.com;Atención Inmediata;X;X;
FASTMED SALUD SAS SIGLA FASTMED;FASTMED SALUD SAS SIGLA FASTMED;CRA 68 N Nº 36 84 SUR;3102641483;fastmedsaludsas@gmail.com;Atención Inmediata;X;;
FUNDACION ABOOD SHAIO;FUNDACION ABOOD SHAIO;DIAG 115 A # 70 C 75;2261025;direcciongeneral@shaio.org;Atención Inmediata;;;X
FUNDACION CARDIO INFANTIL INSTITUTO DE CARDIOLOGIA;FUNDACION CARDIO INFANTIL INSTITUTO DE CARDIOLOGIA;CL 163 A # 13 B 60;6672727 Ext. 53304 Cel. 3183569506;pcasallas@lacardio.org;Atención Inmediata;;;X
FUNDACION HOSPITAL DE LA MISERICORDIA;FUNDACION HOSPITAL DE LA MISERICORDIA;Avenida Carrera 14 No 1-65;3811970 EXT 227;lidercalidad@homifundacion.org.co;Atención Inmediata;X;;X
FUNDACION HOSPITAL DE LA MISERICORDIA;FUNDACION HOSPITAL DE LA MISERICORDIA;Avenida Carrera 14 No 1-65;3811970 EXT 227;lidercalidad@homifundacion.org.co;Atención Inmediata;X;;X
FUNDACION HOSPITAL INFANTIL UNIVERSITARIO DE SAN JOSE;FUNDACION HOSPITAL INFANTIL UNIVERSITARIO DE SAN JOSE;KR 52 # 67 A 71;4377540;direccion.general@hospitalinfantildesanjose.org.co;Atención Inmediata;;;X
FUNDACION SANTA FE DE BOGOTA;FUNDACION SANTA FE DE BOGOTA;CL 119 # 7 75;6030303 ext. 5105;adriana.urrego@fsfb.org.co;Atención Inmediata;X;;X
FUNDACION SANTA FE DE BOGOTA;FUNDACION SANTA FE DE BOGOTA;CL 119 # 7 75;6030303 ext. 5105;adriana.urrego@fsfb.org.co;Atención Inmediata;X;;X
GLOBAL LIFE AMBULANCIAS SAS;GLOBAL LIFE AMBULANCIAS SAS;CALLE 163 # 16 C 62;3102842445;calidad@glambulancias.com;Atención Inmediata;X;X;
GLOBAL LIFE AMBULANCIAS SAS;GLOBAL LIFE AMBULANCIAS SAS;CALLE 163 # 16 C 62;3102842445;calidad@glambulancias.com;Atención Inmediata;X;X;
Grupo AValer. S.A.S;GRUPO AVALER. S.A.S SIGLA AVALER.;Calle 102 N 70-41 Bodega Piso1;3173794230;avaler.medical@gmail.com;Atención Inmediata;X;;
Grupo AValer. S.A.S;GRUPO AVALER. S.A.S SIGLA AVALER.;Calle 102 N 70-41 Bodega Piso1;3173794230;avaler.medical@gmail.com;Atención Inmediata;X;;
GRUPO EMPRESARIAL JARBSALUD IPS S.A.S.;GRUPO EMPRESARIAL JARBSALUD IPS S.A.S.;Calle 33 bis No. 15 - 64;4673216 - 7561334;jarbsalud.gerencia@gmail.com;Atención Inmediata;;;X
H&R AMBULANCIAS IPS SAS H&R AMBULANCIAS;H&R AMBULANCIAS IPS S.A.S H&R AMBULANCIAS;CALLE 5 78 B-60;3477671;referencia.hyrambulancias@gmail.com;Atención Inmediata;X;;
HEALTH & LIFE IPS SAS SIGLA H&L UCC SAS;HEALTH & LIFE IPS SAS SEDE MONTEVIDEO;Av Carrera 68 # 13 - 73;3009121102 EXT 9003;mariana.rodriguez@hlips.com.co;Atención Inmediata;X;;
HEALTH & LIFE IPS SAS SIGLA H&L UCC SAS;HEALTH & LIFE IPS SAS SEDE MONTEVIDEO;Av Carrera 68 # 13 - 73;3009121102 EXT 9003;mariana.rodriguez@hlips.com.co;Atención Inmediata;X;;
HEALTH DELIVER SOLUTIONS SAS;HEALTH DELIVER SOLUTIONS SAS;KR 93 # 132 - 74;3142069001;724hds@gmail.com;Atención Inmediata;;X;
Helistar SAS;Helistar SAS IPS;AER El Dorado En 1 In 8 OF M-103;3143574028 / 3124506370;directormedico@helistaraviacion.com;Atención Inmediata;;X;
HELP AND LIFE MEDICAL SAS;HELP AND LIFE MEDICAL SAS;AVENIDA CARRERA 50 # 4F-84 primer piso;2627499;hyl.medicalsas@gmail.com;Atención Inmediata;X;;
HOSPITAL MILITAR CENTRAL;HOSPITAL MILITAR CENTRAL;TV 3C No 49-02 El Hospital Militar presta servicios en todas las áreas del edificio central, Imagenes diagnóstica y edificio Fe en la causa EXCEPTO en el cuarto piso norte y central donde funciona servicio de terapia renal RTS;3486868 ext: 3001/3002 3158653821;ayudantia@homil.gov.co;Atención Inmediata;X;X;X
HOSPITAL MILITAR CENTRAL;HOSPITAL MILITAR CENTRAL;TV 3C No 49-02 El Hospital Militar presta servicios en todas las áreas del edificio central, Imagenes diagnóstica y edificio Fe en la causa EXCEPTO en el cuarto piso norte y central donde funciona servicio de terapia renal RTS;3486868 ext: 3001/3002 3158653821;ayudantia@homil.gov.co;Atención Inmediata;X;X;X
HOSPITAL MILITAR CENTRAL;HOSPITAL MILITAR CENTRAL;TV 3C No 49-02 El Hospital Militar presta servicios en todas las áreas del edificio central, Imagenes diagnóstica y edificio Fe en la causa EXCEPTO en el cuarto piso norte y central donde funciona servicio de terapia renal RTS;3486868 ext: 3001/3002 3158653821;ayudantia@homil.gov.co;Atención Inmediata;X;X;X
HOSPITAL UNIVERSITARIO CLINICA SAN RAFAEL;HOSPITAL UNIVERSITARIO CLINICA SAN RAFAEL;CRA 8 # 17 45 SUR;7464714 EXT. 2740;direcciongeneral1@stewardcolombia.org;Atención Inmediata;;;X
HOSPITAL UNIVERSITARIO SAN IGNACIO;HOSPITAL UNIVERSITARIO SAN IGNACIO;CRA 7 # 40 62;5946161;calidad@husi.org.co;Atención Inmediata;;;X
INNOVA HEALTH CENTER SAS;INNOVA HEALTH CENTER SAS;KR 14 # 57 - 48 SUR Local 1;2777142 - 3212409060;innovahealthcentersas@gmail.com;Atención Inmediata;X;X;
INNOVA HEALTH CENTER SAS;INNOVA HEALTH CENTER SAS;KR 14 # 57 - 48 SUR Local 1;2777142 - 3212409060;innovahealthcentersas@gmail.com;Atención Inmediata;X;X;
INSTITUTO NACIONAL DE CANCEROLOGIA;INSTITUTO NACIONAL DE CANCEROLOGIA;Cl 1 No 9-85;0913905012 Ext. 2000 - 2001;direccion@cancer.gov.co;Atención Inmediata;;;X
Ips Angeles Medicare sas sigla Ips Angeles Sas, Angeles Medicare Ips Sas;IPS ANGELES MEDICARE SAS;carrera 56 a # 5 B - 68;3208283036;ipsangelesmedicaresas@gmail.com;Atención Inmediata;X;;
J&E QUALITY HEALTH SYSTEMS SAS;SEDE VILLA LUZ;CALLE 63 77 C -28;3102414265-3229494354;GERENCIAQHS@GMAIL.COM;Atención Inmediata;X;;
KOM CARE IPS S.A.S. Sigla KOM CARE IPS S.A.S.;KOM CARE IPS S.A.S. Sigla KOM CARE IPS S.A.S.;Cr 11 A #98-50 P6;3134636856;reportes@komcareips.com.co;Atención Inmediata;X;;
KOONSALUD SAS;KOONSALUD SAS;CR 18 P BIS No. 61 D 05 SUR P1;3102434347;KOONSALUDSAS@GMAIL.COM;Atención Inmediata;X;;
LINEA DE VIDA S.A.S;LINEA DE VIDA BASE;Calle 86B #49D - 28 OFICINA 201;3158279829 - 7868160 Ext 2020;marcela.sanchez@lineadevida.com.co;Atención Inmediata;X;;
LINEA MEDICA DE AMBULANCIAS S.A.S.;LINEA MEDICA DE AMBULANCIAS S.A.S.;CALLE 25 C 85 C 44 PISO 1,2 Y 3;5141414 - 3175010786;amatallana@lineamedicadeambulancias.com;Atención Inmediata;X;X;
LINEA MEDICA DE AMBULANCIAS S.A.S.;LINEA MEDICA DE AMBULANCIAS S.A.S.;CALLE 25 C 85 C 44 PISO 1,2 Y 3;5141414 - 3175010786;amatallana@lineamedicadeambulancias.com;Atención Inmediata;X;X;
LOSCOBOS MEDICAL CENTER SAS - LOSCOBOS;LOSCOBOS MEDICAL CENTER SAS - LOSCOBOS;AK 9 N° 131 A - 40;7457581 EXT 2366;calidad@loscobosmc.com;Atención Inmediata;;;X
MED DRIVE SAS;MED DRIVE SAS;Calle 163 A 20 54 Piso 1;3124472669;gerenciameddrive01@gmail.com;Atención Inmediata;X;;
MEDICAL HEALTH SOCIETY S.A.S;MEDICAL HEALTH SOCIETY S.A.S;CALLE 31 SUR N 51 A 11;7017381-3144512257;mhsbogota@gmail.com;Atención Inmediata;X;;
MEDICALL J & F SAS;MEDICALL J & F SAS;AV 1 DE MAYO No. 34-64 P 1;3102052831;medicalljf2022@gmail.com;Atención Inmediata;X;;
Medicentro Familiar IPS SAS;Medicentro Familiar IPS SAS;Calle 20 No. 98-62;3108062745-3118895118;lidercalidad@clinicamedicentrofamiliar.com;Atención Inmediata;;;X
Medicentro Familiar IPS SAS;AMBULANCIAS ALPHA;KR 99 # 20 38;3136702437 3016810008;lidercalidad@medicentrofamiliarips.com;Atención Inmediata;;;X
Medicentro Familiar IPS SAS;Clinica Medicentro Familiar sede Suba;Carrera 94B No 132A-65;3108077965;lidercalidad@clinicamedicentrofamiliar.com;Atención Inmediata;;;X
MEDICINA TACTICA IPS SAS SIGLA MEDITAC IPS SAS;MEDICINA TACTICA IPS SAS SIGLA MEDITAC IPS SAS;CL 35 SUR # 52A - 12 PISO 1 LOCAL 2;3208625038;medicinatacticaips@gmail.com;Atención Inmediata;X;;
MEDIYA AG SAS;MEDIYA AG SAS;CARRERA 29 No. 3-22 PRIMER PISO;3044391708;mediya1018@gmail.com;Atención Inmediata;X;;
PROAMBULANCIAS IPS SAS;PROAMBULANCIAS IPS SAS;KR 75k # 58 B 04 SUR PI 1;3213494616;proambulancias.ips@gmail.com;Atención Inmediata;X;;
PROVITAL MS S.A.S;PROVITAL MS S.A.S.;AC 3 No 53 F 58 P 1;7026644;provitaladm21@gmail.com;Atención Inmediata;X;;
RED MEDICA IPS SAS;RED MEDICA IPS SAS;CALLE 71 A N 70B-35 PISO 1;6159034-6159035-3185162991;gerenciaredmedicaipssas@gmail.com;Atención Inmediata;X;X;
RED MEDICA IPS SAS;RED MEDICA IPS SAS;CALLE 71 A N 70B-35 PISO 1;6159034-6159035-3185162991;gerenciaredmedicaipssas@gmail.com;Atención Inmediata;X;X;
RIO SUR SAS;RIO SUR SAS;AC 26 #103 08 EN 1 IN 20 A;4139857-3138084059;subgerencia@gruporiosur.com;Atención Inmediata;;X;
S.O.S SALUD S.A.S;S.O.S SALUD S.A.S;Cra 68G N° 75-71;6018000519 6014909696;gerencia@sossalud.com.co;Atención Inmediata;X;X;
S.O.S SALUD S.A.S;S.O.S SALUD S.A.S;Cra 68G N° 75-71;6018000519 6014909696;gerencia@sossalud.com.co;Atención Inmediata;X;X;
SALVID SALUD SAS;SALVID SALUD SAS;CALLE 130C Nº 90-20;3229144955;SALVIDSALUDSAS@GMAIL.COM;Atención Inmediata;X;;
SAMBUCI SAS;SAMBUCI SAS;CL 71 A 68 F 26 P1;3232255717;sambucisas@gmail.com;Atención Inmediata;X;;
SERBIOMEGA AMBULANCIAS SAS;SERBIOMEGA AMBULANCIAS SAS;Cr 71 D No 72 24;3156886128;serbiomega.ambulancias@gmail.com;Atención Inmediata;X;X;
SERBIOMEGA AMBULANCIAS SAS;SERBIOMEGA AMBULANCIAS SAS;Cr 71 D No 72 24;3156886128;serbiomega.ambulancias@gmail.com;Atención Inmediata;X;X;
SERVIAMBULANCIAS 247 SAS;SERVIAMBULANCIAS 247 SEDE BOGOTA;Cl 48 A Sur No. 77 V 34 P 1;3006127792;serviambulancias24@gmail.com;Atención Inmediata;X;;
Servicio y Atencion de Emergencia Medica SAS Sigla Ambulancias SAEM SAS;Servicio y Atencion de Emergencia Medica SAS Sigla Ambulancias SAEM SAS;CALLE 49 B SUR No 28 - 47 PISO 1 LOCAL 1;3007399261;ambulanciassaem@gmail.com;Atención Inmediata;X;;
SERVICIOS AEREOS PANAMERICANOS SAS;SERVICIOS AEREOS PANAMERICANOS;EL DORADO VIA CATAM EN 6 HG 39;7434161;adriana.escobar@sarpa.com.co;Atención Inmediata;;X;
SERVICIOS BIOMEDICOS INGENIERIA LTDA SERBIOMED LTDA;SERVICIOS BIOMEDICOS INGENIERIA LTDA SERBIOMED LTDA;Calle 74 #75-27/37;3506002364-6316026-4903579-4900083;gerencia@serbiomedambulancias.com;Atención Inmediata;X;X;
SERVICIOS BIOMEDICOS INGENIERIA LTDA SERBIOMED LTDA;SERVICIOS BIOMEDICOS INGENIERIA LTDA SERBIOMED LTDA;Calle 74 #75-27/37;3506002364-6316026-4903579-4900083;gerencia@serbiomedambulancias.com;Atención Inmediata;X;X;
Servicios de Salud IPS Suramericana S.A.S;SALUD SURA CALLE 100 BOGOTA;Cl. 100 No. 19 A - 35;(1) 487 38 88 / 3164625445;rqext@suramericana.com.co / llbenavidesm@sura.com.co;Atención Inmediata;;;X
servicios medicos prioritarios sas;servicios medicos prioritarios sas;cra 95 N 146a - 31;3016572232;info@serviciosmedicosprioritarios.com;Atención Inmediata;X;;
SOCIEDAD DE CIRUGIA DE BOGOTA HOSPITAL DE SAN JOSE;Sociedad de Cirugía de Bogotá - Hospital de San José;CL 10 No. 18 - 75;3538000 ext 523 o 509;calidad@hospitaldesanjose.org.co;Atención Inmediata;;;X
SOCIEDAD MEDICA ALCALA SAS;SOCIEDAD MEDICA ALCALA SAS;AVENIDA CARRERA 19 No 135-24;3232255717-3114849286;calidad@smaclinica.com;Atención Inmediata;;;X
SOCIEDAD MEDICA DE ORTOPEDIA Y ACCIDENTES LABORALES S A;CLINICA DE ORTOPEDIA Y ACCIDENTES LABORALES;Calle 6 A # 70 - 06;;gerenciasmo@coal.clinic;Atención Inmediata;;;X
SUBRED INTEGRADA DE SERVICIOS DE SALUD CENTRO ORIENTE E.S.E;UNIDAD DE SERVICIOS DE SALUD SANTA CLARA HOSPITAL UNIVERSITARIO;CARRERA 14 B NUMERO 1-45 SUR;3282828 ext 18191, 18000, 18151;radicacionmedioselectronicos@subredcentrooriente.gov.co;Atención Inmediata;;;X
SUBRED INTEGRADA DE SERVICIOS DE SALUD CENTRO ORIENTE E.S.E;UNIDAD DE SERVICIOS DE SALUD SAN BLAS;TRANSVERSAL 5 ESTE NUMERO 19-50 SUR;3282828 EXT 13192, 13941,13620;radicacionmedioselectronicos@subredcentrooriente.gov.co;Atención Inmediata;;;X
SUBRED INTEGRADA DE SERVICIOS DE SALUD CENTRO ORIENTE E.S.E;UNIDAD DE SERVICIOS DE SALUD SAN BLAS;TRANSVERSAL 5 ESTE NUMERO 19-50 SUR;3282828 EXT 13192, 13941,13620;radicacionmedioselectronicos@subredcentrooriente.gov.co;Atención Inmediata;;;X
SUBRED INTEGRADA DE SERVICIOS DE SALUD CENTRO ORIENTE E.S.E;UNIDAD DE SERVICIOS DE SALUD SAN BLAS;TRANSVERSAL 5 ESTE NUMERO 19-50 SUR;3282828 EXT 13192, 13941,13620;radicacionmedioselectronicos@subredcentrooriente.gov.co;Atención Inmediata;;;X
SUBRED INTEGRADA DE SERVICIOS DE SALUD CENTRO ORIENTE E.S.E;UNIDAD DE SERVICIOS DE SALUD PERSEVERANCIA;CARRERA 5 NUMERO 33 A-45;3282828 ETX 25181,25191;radicacionmedioselectronicos@subredcentrooriente.gov.co;Atención Inmediata;;;X
SUBRED INTEGRADA DE SERVICIOS DE SALUD CENTRO ORIENTE E.S.E;UNIDAD DE SERVICIOS DE SALUD SAMPER MENDOZA;CARRERA 22 NUMERO 22 A -26;3282828 EXT 19191,19181,19611;radicacionmedioselectronicos@subredcentrooriente.gov.co;Atención Inmediata;;;X
SUBRED INTEGRADA DE SERVICIOS DE SALUD CENTRO ORIENTE E.S.E;UNIDAD DE SERVICIOS DE SALUD JORGE ELIECER GAITAN;CARRERA 4 A ESTE # 5-20;3282828 ETX 16912, 16611,16571;radicacionmedioselectronicos@subredcentrooriente.gov.co;Atención Inmediata;;;X
SUBRED INTEGRADA DE SERVICIOS DE SALUD CENTRO ORIENTE E.S.E;UNIDAD DE SERVICIOS DE SALUD DIANA TURBAY;carrera 1f #48x 40 sur;3282828;radicacionmedioselectronicos@subredcentrooriente.gov.co;Atención Inmediata;;;X
SUBRED INTEGRADA DE SERVICIOS DE SALUD CENTRO ORIENTE E.S.E;UNIDAD DE SERVICIOS DE SALUD CHIRCALES;TRANSVERSAL 5 L BIS NUMERO 48 F- 69 SUR;3282828 EXT 21341, 21181,21621;radicacionmedioselectronicos@subredcentrooriente.gov.co;Atención Inmediata;;;X
SUBRED INTEGRADA DE SERVICIOS DE SALUD CENTRO ORIENTE E.S.E;UNIDAD DE SERVICIOS DE SALUD OLAYA;CARRERA 21 NUMERO 22-51 SUR;3282828 EXT 24192,24191,24851;radicacionmedioselectronicos@subredcentrooriente.gov.co;Atención Inmediata;;;X
SUBRED INTEGRADA DE SERVICIOS DE SALUD CENTRO ORIENTE E.S.E;UNIDAD DE SERVICIOS DE SALUD VICTORIA;DIAGONAL 39 SUR NUMERO 3-20 ESTE;3282828 EXT 14131, 14132, 14192;radicacionmedioselectronicos@subredcentrooriente.gov.co;Atención Inmediata;;;X
SUBRED INTEGRADA DE SERVICIOS DE SALUD NORTE E.S.E;UNIDAD DE SERVICIOS DE SALUD SIMÓN BOLÍVAR;CALLE 165 # 7 06;4431790;subrednorte@saludcapital.gov.co;Atención Inmediata;;;X
SUBRED INTEGRADA DE SERVICIOS DE SALUD NORTE E.S.E;UNIDAD DE SERVICIOS DE SALUD SIMÓN BOLÍVAR;CALLE 165 # 7 06;4431790;subrednorte@saludcapital.gov.co;Atención Inmediata;;;X
SUBRED INTEGRADA DE SERVICIOS DE SALUD NORTE E.S.E;UNIDAD DE SERVICIOS DE SALUD SIMÓN BOLÍVAR;CALLE 165 # 7 06;4431790;subrednorte@saludcapital.gov.co;Atención Inmediata;;;X
SUBRED INTEGRADA DE SERVICIOS DE SALUD NORTE E.S.E;UNIDAD DE SERVICIOS DE SALUD ENGATIVÁ CALLE 80;TRANSVERSAL 100 A # 80 A - 50;4431790;subrednorte@saludcapital.gov.co;Atención Inmediata;;;X
SUBRED INTEGRADA DE SERVICIOS DE SALUD NORTE E.S.E;UNIDAD DE SERVICIOS DE SALUD ENGATIVÁ CALLE 80;TRANSVERSAL 100 A # 80 A - 50;4431790;subrednorte@saludcapital.gov.co;Atención Inmediata;;;X
SUBRED INTEGRADA DE SERVICIOS DE SALUD NORTE E.S.E;UNIDAD DE SERVICIOS DE SALUD EMAUS;CALLE 64 C # 121 - 76;4431790;subrednorte@saludcapital.gov.co;Atención Inmediata;;;X
SUBRED INTEGRADA DE SERVICIOS DE SALUD NORTE E.S.E;UNIDAD DE SERVICIOS DE SALUD CENTRO DE SERVICIOS ESPECIALIZADO;KR 104 Nº 152C-50;4431790;subrednorte@saludcapital.gov.co;Atención Inmediata;;;X
SUBRED INTEGRADA DE SERVICIOS DE SALUD NORTE E.S.E;UNIDAD DE SERVICIOS DE SALUD GAITANA I;TRANSVERSAL 126 Nº 134-88;4431790;subrednorte@saludcapital.gov.co;Atención Inmediata;;;X
SUBRED INTEGRADA DE SERVICIOS DE SALUD NORTE E.S.E;UNIDAD DE SERVICIOS DE SALUD CHAPINERO;Calle 66 No 15-41;4431790;subrednorte@saludcapital.gov.co;Atención Inmediata;;;X
SUBRED INTEGRADA DE SERVICIOS DE SALUD SUR E.S.E.;UNIDAD DE SERVICIOS DE SALUD EL TUNAL;CR 20 47B-35 SUR;7300000 Opción 0;subredsur@saludcapital.gov.co;Atención Inmediata;;;X
SUBRED INTEGRADA DE SERVICIOS DE SALUD SUR E.S.E.;UNIDAD DE SERVICIOS DE SALUD EL TUNAL;CR 20 47B-35 SUR;7300000 Opción 0;subredsur@saludcapital.gov.co;Atención Inmediata;;;X
SUBRED INTEGRADA DE SERVICIOS DE SALUD SUR E.S.E.;UNIDAD DE SERVICIOS DE SALUD MEISSEN;KR 18 B No. 60 G - 36 SUR;7300000 Opción 0;subredsur@saludcapital.gov.co;Atención Inmediata;;;X
SUBRED INTEGRADA DE SERVICIOS DE SALUD SUR E.S.E.;UNIDAD DE SERVICIOS DE SALUD MEISSEN;KR 18 B No. 60 G - 36 SUR;7300000 Opción 0;subredsur@saludcapital.gov.co;Atención Inmediata;;;X
SUBRED INTEGRADA DE SERVICIOS DE SALUD SUR E.S.E.;UNIDAD DE SERVICIOS DE SALUD MEISSEN;KR 18 B No. 60 G - 36 SUR;7300000 Opción 0;subredsur@saludcapital.gov.co;Atención Inmediata;;;X
SUBRED INTEGRADA DE SERVICIOS DE SALUD SUR E.S.E.;UNIDAD DE SERVICIOS DE SALUD AMBULATORIA TUNJUELITO;AV CARACAS No. 51 - 21 SUR;7300000 Opción 0;subredsur@saludcapital.gov.co;Atención Inmediata;;;X
SUBRED INTEGRADA DE SERVICIOS DE SALUD SUR E.S.E.;UNIDAD DE SERVICIOS DE SALUD AMBULATORIA TUNJUELITO;AV CARACAS No. 51 - 21 SUR;7300000 Opción 0;subredsur@saludcapital.gov.co;Atención Inmediata;;;X
SUBRED INTEGRADA DE SERVICIOS DE SALUD SUR E.S.E.;UNIDAD DE SERVICIOS DE SALUD AMBULATORIA TUNJUELITO;AV CARACAS No. 51 - 21 SUR;7300000 Opción 0;subredsur@saludcapital.gov.co;Atención Inmediata;;;X
SUBRED INTEGRADA DE SERVICIOS DE SALUD SUR E.S.E.;UNIDAD DE SERVICIOS DE SALUD JERUSALEN;CL 77 No. 85 B - 13 SUR;7300000 Opción 0;subredsur@saludcapital.gov.co;Atención Inmediata;;;X
SUBRED INTEGRADA DE SERVICIOS DE SALUD SUR E.S.E.;UNIDAD DE SERVICIOS DE SALUD VISTA HERMOSA;KR 18 C No. 66 A - 55 SUR;7300000 Opción 0;subredsur@saludcapital.gov.co;Atención Inmediata;;;X
SUBRED INTEGRADA DE SERVICIOS DE SALUD SUR E.S.E.;UNIDAD DE SERVICIOS DE SALUD USME;KR 13 No. 135 A - 42 SUR;7300000 Opción 0;subredsur@saludcapital.gov.co;Atención Inmediata;;;X
SUBRED INTEGRADA DE SERVICIOS DE SALUD SUR E.S.E.;UNIDAD DE SERVICIOS DE SALUD USME;KR 13 No. 135 A - 42 SUR;7300000 Opción 0;subredsur@saludcapital.gov.co;Atención Inmediata;;;X
SUBRED INTEGRADA DE SERVICIOS DE SALUD SUR E.S.E.;UNIDAD DE SERVICIOS DE SALUD USME;KR 13 No. 135 A - 42 SUR;7300000 Opción 0;subredsur@saludcapital.gov.co;Atención Inmediata;;;X
SUBRED INTEGRADA DE SERVICIOS DE SALUD SUR E.S.E.;UNIDAD DE SERVICIOS DE SALUD SANTA LIBRADA I;KR 9 B No. 75 - 49 SUR;7300000 Opción 0;subredsur@saludcapital.gov.co;Atención Inmediata;;;X
SUBRED INTEGRADA DE SERVICIOS DE SALUD SUR E.S.E.;UNIDAD DE SERVICIOS DE SALUD SAN JUAN DE SUMAPÁZ;Corregimiento San Juan de Sumapáz;3219007751;subredsur@saludcapital.gov.co;Atención Inmediata;;;X
SUBRED INTEGRADA DE SERVICIOS DE SALUD SUR E.S.E.;UNIDAD DE SERVICIOS DE SALUD SAN JUAN DE SUMAPÁZ;Corregimiento San Juan de Sumapáz;3219007751;subredsur@saludcapital.gov.co;Atención Inmediata;;;X
SUBRED INTEGRADA DE SERVICIOS DE SALUD SUR E.S.E.;UNIDAD DE SERVICIOS DE SALUD NAZARETH;Corregimiento de Nazareth de Sumapaz;3108879305;subredsur@saludcapital.gov.co;Atención Inmediata;;;X
SUBRED INTEGRADA DE SERVICIOS DE SALUD SUR E.S.E.;HOSPITAL DE USME;carrera 5 Este # 110-11 Sur;7300000 Opción 0;subredsur@saludcapital.gov.co;Atención Inmediata;;;X
Subred Integrada de Servicios de Salud Sur Occidente E.S.E;Hospital Occidente de Kennedy;TV 74 F # 40 B 54 SUR;3849160;contactenos@subredsuroccidente.gov.co;Atención Inmediata;;;X
Subred Integrada de Servicios de Salud Sur Occidente E.S.E;Hospital Occidente de Kennedy;TV 74 F # 40 B 54 SUR;3849160;contactenos@subredsuroccidente.gov.co;Atención Inmediata;;;X
Subred Integrada de Servicios de Salud Sur Occidente E.S.E;Hospital Occidente de Kennedy;TV 74 F # 40 B 54 SUR;3849160;contactenos@subredsuroccidente.gov.co;Atención Inmediata;;;X
Subred Integrada de Servicios de Salud Sur Occidente E.S.E;Hospital Pediátrico Tintal;CALLE 10 # 86 - 58;5550950;contactenos@subredsuroccidente.gov.co;Atención Inmediata;;;X
Subred Integrada de Servicios de Salud Sur Occidente E.S.E;Centro de Salud Patio Bonito;Diagonal 38 sur No. 82 - 30;4547018;contactenos@subredsuroccidente.gov.co;Atención Inmediata;;;X
Subred Integrada de Servicios de Salud Sur Occidente E.S.E;Centro de Salud Trinidad Galán;Carrera 60 No. 4 - 15;2607876;contactenos@subredsuroccidente.gov.co;Atención Inmediata;;;X
Subred Integrada de Servicios de Salud Sur Occidente E.S.E;Hospital Fontibón;Carrera 99 No. 16i - 41;4860033;contactenos@subredsuroccidente.gov.co;Atención Inmediata;;;X
Subred Integrada de Servicios de Salud Sur Occidente E.S.E;Hospital Fontibón;Carrera 99 No. 16i - 41;4860033;contactenos@subredsuroccidente.gov.co;Atención Inmediata;;;X
Subred Integrada de Servicios de Salud Sur Occidente E.S.E;Hospital Fontibón;Carrera 99 No. 16i - 41;4860033;contactenos@subredsuroccidente.gov.co;Atención Inmediata;;;X
Subred Integrada de Servicios de Salud Sur Occidente E.S.E;Hospital de Bosa;Calle 73 Sur # 100 A - 53;6013849160;contactenos@subredsuroccidente.gov.co;Atención Inmediata;;;X
SYG AMBULANCIAS S.A.S.;SYG AMBULANCIAS S.A.S.;CL 164B # 4 47 PI 1;3208555096 - 3213353137;sygambulancias@hotmail.com;Atención Inmediata;X;X;
SYG AMBULANCIAS S.A.S.;SYG AMBULANCIAS S.A.S.;CL 164B # 4 47 PI 1;3208555096 - 3213353137;sygambulancias@hotmail.com;Atención Inmediata;X;X;
UNIDAD MEDICA ONCOLOGICA ONCOLIFE IPS SAS;UNIDAD MEDICA ONCOLOGICA ONCOLIFE IPS SAS;AV Carrera 45 # 104A 87/91;5803973-3178061653;calidad1@oncolife.com.co;Atención Inmediata;X;;
UNIDAD MEDICA Y DE DIAGNOSTICO S.A;CENTRO MÉDICO SEDE TORRE COLMÉDICA SANTA BÁRBARA;AK 45 NO. 122 - 96 Piso 1 Excepto Consultorios A y B - Piso 2 - Piso 4 - Piso 6 - Piso 7;3176551904 - 3212535796;NotificacionesJudiciales@umd.com.co;Atención Inmediata;;X;
UNIVERSIDAD NACIONAL DE COLOMBIA;AREA DE SALUD DE BIENESTAR DE LA UNIVERSIDAD NACIONAL DE COLOMBIA SEDE BOGOTA;KR 30 # 45 03 ED 426 PI 1 ED DE GENÉTICA;(57)(1) 3165520/10;areasalud_bog@unal.edu.co;Atención Inmediata;X;;
vertical salud urgencias y emergencias s.a.s sigla VSUE;vertical salud urgencias y emergencias s.a.s sigla vsue;carrera 25 # 23-11 sur;3728663-3142124166;verticaljc@hotmail.com;Atención Inmediata;X;;
VIDEO OFFICE MEDICALL IPS S.A.S. - VOM;VIDEO OFFICE MEDICALL IPS S.A.S. - VOM;"CL 37 D SUR # 68 L 32 PI 1, PI 4 y PI 5 ""ARCHIVO""";7103384 - 3133484737;videoofficemedicall@gmail.com;Atención Inmediata;X;X;
VIDEO OFFICE MEDICALL IPS S.A.S. - VOM;VIDEO OFFICE MEDICALL IPS S.A.S. - VOM;"CL 37 D SUR # 68 L 32 PI 1, PI 4 y PI 5 ""ARCHIVO""";7103384 - 3133484737;videoofficemedicall@gmail.com;Atención Inmediata;X;X;
VIRREY SOLIS IPS. S.A.;VIRREY SOLIS I.P.S S.A. AMERICAS;AV LAS AMERICAS # 66 A 27 PISO 1 PISO 2 BLOQUE SUR;4473535 EXT 278, 476, 248;calidad@virreysolisips.com.co;Atención Inmediata;;;X
VIRREY SOLIS IPS. S.A.;VIRREY SOLIS IPS S.A - CLINICA SUBA;AC 145 # 95 B - 22;4473535 EXT 278, 476, 248;calidad@virreysolisips.com.co;Atención Inmediata;;;X
VIRREY SOLIS IPS. S.A.;VIRREY SOLIS IPS.S.A. CALLE 98;KR 49 No 98 A 28;4473535 EXT 278, 476, 248;calidad@virreysolisips.com.co;Atención Inmediata;;;X
Visión medica de Ambulancias SAS;VISION MEDICA DE AMBULANCIAS SAS;CL 25 SUR # 69C 69 PISO 1- ENTRADA 1;6013061090 3152235497;visionmedicadeambulancias@gmail.com;Atención Inmediata;;X;
VITAL CARE S.O.S S.A.S;VITAL CARE S.O.S S.A.S;CR 71 NO. 65 B 04 PRIMER PISO;3217561941;vitalcaresos3@gmail.com;Atención Inmediata;X;;
VITAL LIFE SAS;VITAL LIFE SAS;CALLE 102 A NO. 70G-19 y 70G-21;2719676 - 7579602-7429502 -2269505 - 2269506;alixrruiz-bello@hotmail.com;Atención Inmediata;X;X;
VITAL LIFE SAS;VITAL LIFE SAS;CALLE 102 A NO. 70G-19 y 70G-21;2719676 - 7579602-7429502 -2269505 - 2269506;alixrruiz-bello@hotmail.com;Atención Inmediata;X;X;
VITAL TIME D Y G SAS;VITAL TIME D Y G SAS SEDE BOGOTA;CALLE 40 A SUR # 90 A -09 P 1;3239979437;dygvitaltimesas@gmail.com;Atención Inmediata;X;;
WORLD IN AMBULANCE SERVICES SAS;WORLD IN AMBULANCE SERVICES SAS;KR 77 BIS 70 12 PI 1;3045528005;wordambulance@gmail.com;Atención Inmediata;X;;
