handshake_id,caso_id,codigo_sede,nombre_sede,canal,estado,motivo_rechazo,enviado_en,expira_en,respondido_en,latencia_s,eta_min_al_despachar,intento
HSK-0001,CAS-0001,110013028929,Unidad de Servicios de Salud Victoria,telegram,rechazado,Hemodinamia en procedimiento,2026-08-22T19:02:33-05:00,2026-08-22T19:04:03-05:00,2026-08-22T19:03:05-05:00,32,17.7,1
HSK-0002,CAS-0001,110013029402,Unidad de Servicios de Salud Meissen,whatsapp,rechazado,Sin especialista de turno,2026-08-22T19:03:13-05:00,2026-08-22T19:04:43-05:00,2026-08-22T19:04:29-05:00,76,20.2,2
HSK-0003,CAS-0001,110013028902,Unidad de Servicios de Salud San Blas,whatsapp,rechazado,Sala de reanimación ocupada,2026-08-22T19:04:37-05:00,2026-08-22T19:06:07-05:00,2026-08-22T19:05:40-05:00,63,23.7,3
HSK-0004,CAS-0001,110010566801,Hospital Universitario Clínica San Rafael,consola,rechazado,"Quirófano ocupado, tiempo estimado 90 minutos",2026-08-22T19:05:50-05:00,2026-08-22T19:07:20-05:00,2026-08-22T19:07:08-05:00,78,24.8,4
HSK-0005,CAS-0002,110010867901,Sociedad de Cirugía de Bogotá - Hospital de San José,telegram,rechazado,Urgencias en contingencia por sobreocupación,2026-08-22T19:05:52-05:00,2026-08-22T19:07:22-05:00,2026-08-22T19:06:07-05:00,15,7.1,1
HSK-0006,CAS-0002,110010606501,Instituto Nacional de Cancerología,whatsapp,aceptado,,2026-08-22T19:06:16-05:00,2026-08-22T19:07:46-05:00,2026-08-22T19:07:14-05:00,58,7.6,2
HSK-0007,CAS-0003,110013029654,Hospital de Bosa,telegram,aceptado,,2026-08-22T19:08:49-05:00,2026-08-22T19:10:19-05:00,2026-08-22T19:10:06-05:00,77,1.0,1
HSK-0008,CAS-0004,110013029654,Hospital de Bosa,telegram,rechazado,Sin camas UCI adultos,2026-08-22T19:12:19-05:00,2026-08-22T19:13:49-05:00,2026-08-22T19:12:39-05:00,20,1.9,1
HSK-0009,CAS-0004,110010817103,Clínica Colsubsidio Ciudad Roma,telegram,timeout,,2026-08-22T19:12:49-05:00,2026-08-22T19:14:19-05:00,,,11.8,2
HSK-0010,CAS-0004,110013029601,Hospital Occidente de Kennedy,whatsapp,aceptado,,2026-08-22T19:14:24-05:00,2026-08-22T19:15:54-05:00,2026-08-22T19:14:41-05:00,17,16.1,3
HSK-0011,CAS-0005,110010966601,Clínica Del Occidente S.A.,telegram,aceptado,,2026-08-22T19:13:09-05:00,2026-08-22T19:14:39-05:00,2026-08-22T19:13:30-05:00,21,2.8,1
HSK-0012,CAS-0006,110010867901,Sociedad de Cirugía de Bogotá - Hospital de San José,telegram,aceptado,,2026-08-22T19:20:11-05:00,2026-08-22T19:21:41-05:00,2026-08-22T19:21:18-05:00,67,3.2,1
HSK-0013,CAS-0007,110013029654,Hospital de Bosa,telegram,rechazado,Urgencias en contingencia por sobreocupación,2026-08-22T19:24:15-05:00,2026-08-22T19:25:45-05:00,2026-08-22T19:24:37-05:00,22,2.4,1
HSK-0014,CAS-0007,110010817103,Clínica Colsubsidio Ciudad Roma,whatsapp,aceptado,,2026-08-22T19:24:41-05:00,2026-08-22T19:26:11-05:00,2026-08-22T19:25:45-05:00,64,13.6,2
HSK-0015,CAS-0008,110013028901,Unidad de Servicios de Salud Santa Clara Hospital Universitario,telegram,aceptado,,2026-08-22T19:32:33-05:00,2026-08-22T19:34:03-05:00,2026-08-22T19:33:14-05:00,41,0.7,1
HSK-0016,CAS-0009,110010918668,Clínica Infantil Santa María Del Lago,telegram,aceptado,,2026-08-22T19:34:02-05:00,2026-08-22T19:35:32-05:00,2026-08-22T19:35:09-05:00,67,3.3,1
HSK-0017,CAS-0010,110013029103,Unidad de Servicios de Salud Engativá Calle 80,telegram,rechazado,Hemodinamia en procedimiento,2026-08-22T19:39:09-05:00,2026-08-22T19:40:39-05:00,2026-08-22T19:40:20-05:00,71,3.8,1
HSK-0018,CAS-0010,110010918668,Clínica Infantil Santa María Del Lago,whatsapp,aceptado,,2026-08-22T19:40:27-05:00,2026-08-22T19:41:57-05:00,2026-08-22T19:40:49-05:00,22,4.2,2
HSK-0019,CAS-0011,110010918668,Clínica Infantil Santa María Del Lago,telegram,aceptado,,2026-08-22T19:41:24-05:00,2026-08-22T19:42:54-05:00,2026-08-22T19:42:10-05:00,46,3.0,1
HSK-0020,CAS-0012,110013390301,Loscobos Medical Center SAS - Loscobos,telegram,rechazado,"Quirófano ocupado, tiempo estimado 90 minutos",2026-08-22T19:42:01-05:00,2026-08-22T19:43:31-05:00,2026-08-22T19:42:22-05:00,21,3.6,1
HSK-0021,CAS-0012,110010918608,Clínica Reina Sofia,consola,rechazado,Urgencias en contingencia por sobreocupación,2026-08-22T19:42:28-05:00,2026-08-22T19:43:58-05:00,2026-08-22T19:43:05-05:00,37,5.2,2
HSK-0022,CAS-0012,110010911101,Fundación Cardio Infantil Instituto de Cardiología,whatsapp,rechazado,Sin cupo en observación pediátrica,2026-08-22T19:43:14-05:00,2026-08-22T19:44:44-05:00,2026-08-22T19:43:46-05:00,32,6.3,3
HSK-0023,CAS-0012,110010561801,Fundación Santa Fe de Bogotá,consola,rechazado,Tomógrafo fuera de servicio,2026-08-22T19:43:54-05:00,2026-08-22T19:45:24-05:00,2026-08-22T19:44:06-05:00,12,7.5,4
HSK-0024,CAS-0013,110011613301,Fundación Hospital Infantil Universitario de San Jose,telegram,aceptado,,2026-08-22T19:43:38-05:00,2026-08-22T19:45:08-05:00,2026-08-22T19:44:03-05:00,25,1.3,1
HSK-0025,CAS-0014,110012215001,Clínica Medical S.A.S.,telegram,aceptado,,2026-08-22T19:52:23-05:00,2026-08-22T19:53:53-05:00,2026-08-22T19:53:16-05:00,53,1.6,1
HSK-0026,CAS-0015,110013029601,Hospital Occidente de Kennedy,telegram,rechazado,Sin especialista de turno,2026-08-22T19:55:37-05:00,2026-08-22T19:57:07-05:00,2026-08-22T19:56:49-05:00,72,4.7,1
HSK-0027,CAS-0015,110010966601,Clínica Del Occidente S.A.,whatsapp,aceptado,,2026-08-22T19:56:57-05:00,2026-08-22T19:58:27-05:00,2026-08-22T19:57:08-05:00,11,5.0,2
HSK-0028,CAS-0016,110010966601,Clínica Del Occidente S.A.,telegram,aceptado,,2026-08-22T19:59:59-05:00,2026-08-22T20:01:29-05:00,2026-08-22T20:00:26-05:00,27,1.7,1
HSK-0029,CAS-0017,110013028929,Unidad de Servicios de Salud Victoria,telegram,aceptado,,2026-08-22T20:09:05-05:00,2026-08-22T20:10:35-05:00,2026-08-22T20:10:12-05:00,67,17.7,1
HSK-0030,CAS-0018,110012215001,Clínica Medical S.A.S.,telegram,rechazado,Sin cupo en observación pediátrica,2026-08-22T20:12:04-05:00,2026-08-22T20:13:34-05:00,2026-08-22T20:13:12-05:00,68,0.8,1
HSK-0031,CAS-0018,110013029601,Hospital Occidente de Kennedy,telegram,rechazado,Tomógrafo fuera de servicio,2026-08-22T20:13:22-05:00,2026-08-22T20:14:52-05:00,2026-08-22T20:13:54-05:00,32,1.3,2
HSK-0032,CAS-0018,110010966601,Clínica Del Occidente S.A.,whatsapp,aceptado,,2026-08-22T20:14:02-05:00,2026-08-22T20:15:32-05:00,2026-08-22T20:14:30-05:00,28,5.4,3
HSK-0033,CAS-0019,110013029654,Hospital de Bosa,telegram,aceptado,,2026-08-22T20:14:28-05:00,2026-08-22T20:15:58-05:00,2026-08-22T20:14:44-05:00,16,1.6,1
HSK-0034,CAS-0020,110010966601,Clínica Del Occidente S.A.,telegram,rechazado,Sin especialista de turno,2026-08-22T20:16:32-05:00,2026-08-22T20:18:02-05:00,2026-08-22T20:16:53-05:00,21,14.7,1
HSK-0035,CAS-0020,110010918630,Clínica Universitaria Colombia,consola,rechazado,Sala de reanimación ocupada,2026-08-22T20:17:03-05:00,2026-08-22T20:18:33-05:00,2026-08-22T20:17:45-05:00,42,15.5,2
HSK-0036,CAS-0020,110010918668,Clínica Infantil Santa María Del Lago,consola,timeout,,2026-08-22T20:17:55-05:00,2026-08-22T20:19:25-05:00,,,15.9,3
HSK-0037,CAS-0020,110013029601,Hospital Occidente de Kennedy,telegram,rechazado,Urgencias en contingencia por sobreocupación,2026-08-22T20:19:32-05:00,2026-08-22T20:21:02-05:00,2026-08-22T20:20:33-05:00,61,17.8,4
HSK-0038,CAS-0021,110010867901,Sociedad de Cirugía de Bogotá - Hospital de San José,telegram,aceptado,,2026-08-22T20:21:40-05:00,2026-08-22T20:23:10-05:00,2026-08-22T20:22:00-05:00,20,6.3,1
HSK-0039,CAS-0022,110010966601,Clínica Del Occidente S.A.,telegram,aceptado,,2026-08-22T20:26:12-05:00,2026-08-22T20:27:42-05:00,2026-08-22T20:26:59-05:00,47,3.9,1
HSK-0040,CAS-0023,110012215001,Clínica Medical S.A.S.,telegram,rechazado,Sin camas UCI adultos,2026-08-22T20:34:58-05:00,2026-08-22T20:36:28-05:00,2026-08-22T20:35:49-05:00,51,3.3,1
HSK-0041,CAS-0023,110010966601,Clínica Del Occidente S.A.,telegram,aceptado,,2026-08-22T20:36:01-05:00,2026-08-22T20:37:31-05:00,2026-08-22T20:36:25-05:00,24,3.5,2
HSK-0042,CAS-0024,110013029654,Hospital de Bosa,telegram,aceptado,,2026-08-22T20:44:01-05:00,2026-08-22T20:45:31-05:00,2026-08-22T20:45:10-05:00,69,2.1,1
HSK-0043,CAS-0025,110013029103,Unidad de Servicios de Salud Engativá Calle 80,telegram,aceptado,,2026-08-22T20:46:57-05:00,2026-08-22T20:48:27-05:00,2026-08-22T20:48:01-05:00,64,3.3,1
HSK-0044,CAS-0026,110013029654,Hospital de Bosa,telegram,rechazado,"Quirófano ocupado, tiempo estimado 90 minutos",2026-08-22T20:49:01-05:00,2026-08-22T20:50:31-05:00,2026-08-22T20:50:01-05:00,60,1.2,1
HSK-0045,CAS-0026,110010817103,Clínica Colsubsidio Ciudad Roma,whatsapp,aceptado,,2026-08-22T20:50:09-05:00,2026-08-22T20:51:39-05:00,2026-08-22T20:50:52-05:00,43,10.9,2
HSK-0046,CAS-0027,110010867901,Sociedad de Cirugía de Bogotá - Hospital de San José,telegram,aceptado,,2026-08-22T20:55:09-05:00,2026-08-22T20:56:39-05:00,2026-08-22T20:55:34-05:00,25,2.3,1
HSK-0047,CAS-0028,110010918630,Clínica Universitaria Colombia,telegram,aceptado,,2026-08-22T20:55:48-05:00,2026-08-22T20:57:18-05:00,2026-08-22T20:57:01-05:00,73,3.8,1
HSK-0048,CAS-0029,110013029625,Hospital Fontibón,telegram,rechazado,Sin camas UCI adultos,2026-08-22T20:57:02-05:00,2026-08-22T20:58:32-05:00,2026-08-22T20:57:32-05:00,30,0.4,1
HSK-0049,CAS-0029,110012156401,Medicentro Familiar IPS SAS,whatsapp,rechazado,Hemodinamia en procedimiento,2026-08-22T20:57:39-05:00,2026-08-22T20:59:09-05:00,2026-08-22T20:58:02-05:00,23,1.7,2
HSK-0050,CAS-0029,110013029603,Hospital Pediátrico Tintal,whatsapp,aceptado,,2026-08-22T20:58:10-05:00,2026-08-22T20:59:40-05:00,2026-08-22T20:58:31-05:00,21,5.7,3
HSK-0051,CAS-0030,110010918668,Clínica Infantil Santa María Del Lago,telegram,aceptado,,2026-08-22T21:00:10-05:00,2026-08-22T21:01:40-05:00,2026-08-22T21:00:25-05:00,15,5.2,1
HSK-0052,CAS-0031,110013029654,Hospital de Bosa,telegram,rechazado,"Quirófano ocupado, tiempo estimado 90 minutos",2026-08-22T21:02:42-05:00,2026-08-22T21:04:12-05:00,2026-08-22T21:03:55-05:00,73,1.9,1
HSK-0053,CAS-0031,110013029601,Hospital Occidente de Kennedy,whatsapp,aceptado,,2026-08-22T21:04:00-05:00,2026-08-22T21:05:30-05:00,2026-08-22T21:05:00-05:00,60,14.5,2
HSK-0054,CAS-0032,110010895201,Clínica Palermo,telegram,aceptado,,2026-08-22T21:04:49-05:00,2026-08-22T21:06:19-05:00,2026-08-22T21:05:27-05:00,38,2.0,1
HSK-0055,CAS-0033,110010918668,Clínica Infantil Santa María Del Lago,telegram,aceptado,,2026-08-22T21:08:00-05:00,2026-08-22T21:09:30-05:00,2026-08-22T21:08:54-05:00,54,3.7,1
HSK-0056,CAS-0034,110013029114,Unidad de Servicios de Salud Centro de Servicios Especializado,telegram,rechazado,Sin camas UCI adultos,2026-08-22T21:14:30-05:00,2026-08-22T21:16:00-05:00,2026-08-22T21:15:47-05:00,77,3.8,1
HSK-0057,CAS-0034,110012156404,Clínica Medicentro Familiar Sede Suba,telegram,rechazado,Hemodinamia en procedimiento,2026-08-22T21:15:59-05:00,2026-08-22T21:17:29-05:00,2026-08-22T21:16:59-05:00,60,4.0,2
HSK-0058,CAS-0034,110012507001,Administradora Clínica La Colina SAS,whatsapp,aceptado,,2026-08-22T21:17:07-05:00,2026-08-22T21:18:37-05:00,2026-08-22T21:18:14-05:00,67,5.4,3
HSK-0059,CAS-0035,110013029625,Hospital Fontibón,telegram,aceptado,,2026-08-22T21:17:40-05:00,2026-08-22T21:19:10-05:00,2026-08-22T21:18:54-05:00,74,0.5,1
HSK-0060,CAS-0036,110013029654,Hospital de Bosa,telegram,aceptado,,2026-08-22T21:20:11-05:00,2026-08-22T21:21:41-05:00,2026-08-22T21:21:20-05:00,69,2.4,1
HSK-0061,CAS-0037,110010911101,Fundación Cardio Infantil Instituto de Cardiología,telegram,rechazado,Urgencias en contingencia por sobreocupación,2026-08-22T21:22:40-05:00,2026-08-22T21:24:10-05:00,2026-08-22T21:23:15-05:00,35,4.2,1
HSK-0062,CAS-0037,110013390301,Loscobos Medical Center SAS - Loscobos,consola,aceptado,,2026-08-22T21:23:23-05:00,2026-08-22T21:24:53-05:00,2026-08-22T21:23:37-05:00,14,6.3,2
HSK-0063,CAS-0038,110012215001,Clínica Medical S.A.S.,telegram,aceptado,,2026-08-22T21:28:27-05:00,2026-08-22T21:29:57-05:00,2026-08-22T21:29:37-05:00,70,2.3,1
HSK-0064,CAS-0039,110010568101,Fundación Hospital de La Misericordia,telegram,rechazado,Sin camas UCI adultos,2026-08-22T21:29:27-05:00,2026-08-22T21:30:57-05:00,2026-08-22T21:30:39-05:00,72,1.2,1
HSK-0065,CAS-0039,110010867901,Sociedad de Cirugía de Bogotá - Hospital de San José,whatsapp,rechazado,Hemodinamia en procedimiento,2026-08-22T21:30:50-05:00,2026-08-22T21:32:20-05:00,2026-08-22T21:31:01-05:00,11,2.1,2
HSK-0066,CAS-0039,110010606501,Instituto Nacional de Cancerología,consola,rechazado,Sin especialista de turno,2026-08-22T21:31:10-05:00,2026-08-22T21:32:40-05:00,2026-08-22T21:31:51-05:00,41,2.4,3
HSK-0067,CAS-0040,110013029103,Unidad de Servicios de Salud Engativá Calle 80,telegram,aceptado,,2026-08-22T21:41:25-05:00,2026-08-22T21:42:55-05:00,2026-08-22T21:41:53-05:00,28,3.2,1
HSK-0068,CAS-0041,110013029625,Hospital Fontibón,telegram,aceptado,,2026-08-22T21:42:37-05:00,2026-08-22T21:44:07-05:00,2026-08-22T21:43:54-05:00,77,1.3,1
HSK-0069,CAS-0042,110013029654,Hospital de Bosa,telegram,rechazado,Urgencias en contingencia por sobreocupación,2026-08-22T21:45:09-05:00,2026-08-22T21:46:39-05:00,2026-08-22T21:45:54-05:00,45,2.4,1
HSK-0070,CAS-0042,110010817103,Clínica Colsubsidio Ciudad Roma,whatsapp,rechazado,Sin cupo en observación pediátrica,2026-08-22T21:46:06-05:00,2026-08-22T21:47:36-05:00,2026-08-22T21:46:47-05:00,41,13.0,2
HSK-0071,CAS-0042,110013029601,Hospital Occidente de Kennedy,telegram,aceptado,,2026-08-22T21:46:57-05:00,2026-08-22T21:48:27-05:00,2026-08-22T21:47:40-05:00,43,18.0,3
HSK-0072,CAS-0043,110013029654,Hospital de Bosa,telegram,aceptado,,2026-08-22T21:54:10-05:00,2026-08-22T21:55:40-05:00,2026-08-22T21:54:39-05:00,29,0.4,1
HSK-0073,CAS-0044,110013029401,Unidad de Servicios de Salud El Tunal,telegram,aceptado,,2026-08-22T21:59:49-05:00,2026-08-22T22:01:19-05:00,2026-08-22T22:00:44-05:00,55,1.5,1
HSK-0074,CAS-0045,110013029654,Hospital de Bosa,telegram,rechazado,Sin especialista de turno,2026-08-22T22:08:40-05:00,2026-08-22T22:10:10-05:00,2026-08-22T22:08:57-05:00,17,2.0,1
HSK-0075,CAS-0045,110010817103,Clínica Colsubsidio Ciudad Roma,consola,rechazado,Sala de reanimación ocupada,2026-08-22T22:09:02-05:00,2026-08-22T22:10:32-05:00,2026-08-22T22:10:09-05:00,67,11.5,2
HSK-0076,CAS-0045,110013029601,Hospital Occidente de Kennedy,consola,aceptado,,2026-08-22T22:10:19-05:00,2026-08-22T22:11:49-05:00,2026-08-22T22:11:05-05:00,46,15.7,3
HSK-0077,CAS-0046,110010918630,Clínica Universitaria Colombia,telegram,aceptado,,2026-08-22T22:14:37-05:00,2026-08-22T22:16:07-05:00,2026-08-22T22:15:49-05:00,72,4.0,1
HSK-0078,CAS-0047,110010918668,Clínica Infantil Santa María Del Lago,telegram,rechazado,Sin cupo en observación pediátrica,2026-08-22T22:16:35-05:00,2026-08-22T22:18:05-05:00,2026-08-22T22:16:59-05:00,24,4.6,1
HSK-0079,CAS-0047,110010644701,Fundación Abood Shaio,consola,rechazado,Tomógrafo fuera de servicio,2026-08-22T22:17:09-05:00,2026-08-22T22:18:39-05:00,2026-08-22T22:18:01-05:00,52,11.8,2
HSK-0080,CAS-0047,110011613301,Fundación Hospital Infantil Universitario de San Jose,whatsapp,rechazado,Sin camas UCI adultos,2026-08-22T22:18:09-05:00,2026-08-22T22:19:39-05:00,2026-08-22T22:19:24-05:00,75,13.6,3
HSK-0081,CAS-0048,110013029654,Hospital de Bosa,telegram,timeout,,2026-08-22T22:21:06-05:00,2026-08-22T22:22:36-05:00,,,2.1,1
HSK-0082,CAS-0048,110010817103,Clínica Colsubsidio Ciudad Roma,telegram,rechazado,Sin especialista de turno,2026-08-22T22:22:45-05:00,2026-08-22T22:24:15-05:00,2026-08-22T22:23:48-05:00,63,13.5,2
HSK-0083,CAS-0048,110013029601,Hospital Occidente de Kennedy,telegram,aceptado,,2026-08-22T22:23:58-05:00,2026-08-22T22:25:28-05:00,2026-08-22T22:25:03-05:00,65,18.2,3
HSK-0084,CAS-0049,110010918668,Clínica Infantil Santa María Del Lago,telegram,aceptado,,2026-08-22T22:24:18-05:00,2026-08-22T22:25:48-05:00,2026-08-22T22:25:23-05:00,65,2.3,1
HSK-0085,CAS-0050,110012156404,Clínica Medicentro Familiar Sede Suba,telegram,rechazado,Urgencias en contingencia por sobreocupación,2026-08-22T22:40:09-05:00,2026-08-22T22:41:39-05:00,2026-08-22T22:41:19-05:00,70,2.1,1
HSK-0086,CAS-0050,110013029114,Unidad de Servicios de Salud Centro de Servicios Especializado,whatsapp,rechazado,Sin cupo en observación pediátrica,2026-08-22T22:41:29-05:00,2026-08-22T22:42:59-05:00,2026-08-22T22:41:55-05:00,26,5.4,2
HSK-0087,CAS-0050,110010910401,Clínica Juan N Corpas Ltda,telegram,aceptado,,2026-08-22T22:42:00-05:00,2026-08-22T22:43:30-05:00,2026-08-22T22:42:18-05:00,18,7.5,3
HSK-0088,CAS-0051,110010918668,Clínica Infantil Santa María Del Lago,telegram,aceptado,,2026-08-22T22:40:44-05:00,2026-08-22T22:42:14-05:00,2026-08-22T22:41:41-05:00,57,5.3,1
HSK-0089,CAS-0052,110013029654,Hospital de Bosa,telegram,aceptado,,2026-08-22T22:44:01-05:00,2026-08-22T22:45:31-05:00,2026-08-22T22:44:13-05:00,12,1.7,1
HSK-0090,CAS-0053,110012215001,Clínica Medical S.A.S.,telegram,timeout,,2026-08-22T22:45:53-05:00,2026-08-22T22:47:23-05:00,,,1.0,1
HSK-0091,CAS-0053,110013029601,Hospital Occidente de Kennedy,whatsapp,aceptado,,2026-08-22T22:47:28-05:00,2026-08-22T22:48:58-05:00,2026-08-22T22:48:07-05:00,39,2.4,2
HSK-0092,CAS-0054,110012156404,Clínica Medicentro Familiar Sede Suba,telegram,aceptado,,2026-08-22T22:48:32-05:00,2026-08-22T22:50:02-05:00,2026-08-22T22:48:45-05:00,13,1.2,1
HSK-0093,CAS-0055,110012507001,Administradora Clínica La Colina SAS,telegram,aceptado,,2026-08-22T22:54:03-05:00,2026-08-22T22:55:33-05:00,2026-08-22T22:54:58-05:00,55,8.6,1
HSK-0094,CAS-0056,110013029401,Unidad de Servicios de Salud El Tunal,telegram,rechazado,Sin cupo en observación pediátrica,2026-08-22T22:58:58-05:00,2026-08-22T23:00:28-05:00,2026-08-22T22:59:34-05:00,36,2.0,1
HSK-0095,CAS-0056,110010917802,Centro Policlinico Del Olaya,consola,rechazado,Tomógrafo fuera de servicio,2026-08-22T22:59:45-05:00,2026-08-22T23:01:15-05:00,2026-08-22T22:59:54-05:00,9,5.6,2
HSK-0096,CAS-0056,110013029402,Unidad de Servicios de Salud Meissen,whatsapp,aceptado,,2026-08-22T23:00:02-05:00,2026-08-22T23:01:32-05:00,2026-08-22T23:01:14-05:00,72,7.0,3
HSK-0097,CAS-0057,110012156404,Clínica Medicentro Familiar Sede Suba,telegram,aceptado,,2026-08-22T23:00:30-05:00,2026-08-22T23:02:00-05:00,2026-08-22T23:01:41-05:00,71,1.8,1
HSK-0098,CAS-0058,110012215001,Clínica Medical S.A.S.,telegram,rechazado,Sin especialista de turno,2026-08-22T23:04:22-05:00,2026-08-22T23:05:52-05:00,2026-08-22T23:05:16-05:00,54,1.3,1
HSK-0099,CAS-0058,110013029601,Hospital Occidente de Kennedy,whatsapp,timeout,,2026-08-22T23:05:23-05:00,2026-08-22T23:06:53-05:00,,,3.1,2
HSK-0100,CAS-0058,110010966601,Clínica Del Occidente S.A.,consola,rechazado,"Quirófano ocupado, tiempo estimado 90 minutos",2026-08-22T23:07:03-05:00,2026-08-22T23:08:33-05:00,2026-08-22T23:07:19-05:00,16,3.8,3
HSK-0101,CAS-0059,110013029402,Unidad de Servicios de Salud Meissen,telegram,aceptado,,2026-08-22T23:04:42-05:00,2026-08-22T23:06:12-05:00,2026-08-22T23:05:23-05:00,41,2.5,1
HSK-0102,CAS-0060,110010966601,Clínica Del Occidente S.A.,telegram,aceptado,,2026-08-22T23:05:32-05:00,2026-08-22T23:07:02-05:00,2026-08-22T23:06:39-05:00,67,1.1,1
HSK-0103,CAS-0061,110010566801,Hospital Universitario Clínica San Rafael,telegram,rechazado,Tomógrafo fuera de servicio,2026-08-22T23:08:50-05:00,2026-08-22T23:10:20-05:00,2026-08-22T23:10:08-05:00,78,2.0,1
HSK-0104,CAS-0061,110010922401,Empresa Social Del Estado Hospital Universitario de La Samaritana,whatsapp,rechazado,Sin camas UCI adultos,2026-08-22T23:10:13-05:00,2026-08-22T23:11:43-05:00,2026-08-22T23:10:48-05:00,35,2.9,2
HSK-0105,CAS-0061,110013028901,Unidad de Servicios de Salud Santa Clara Hospital Universitario,telegram,aceptado,,2026-08-22T23:10:55-05:00,2026-08-22T23:12:25-05:00,2026-08-22T23:11:36-05:00,41,4.7,3
HSK-0106,CAS-0062,110012215001,Clínica Medical S.A.S.,telegram,aceptado,,2026-08-22T23:13:37-05:00,2026-08-22T23:15:07-05:00,2026-08-22T23:14:17-05:00,40,2.9,1
HSK-0107,CAS-0063,110013029103,Unidad de Servicios de Salud Engativá Calle 80,telegram,aceptado,,2026-08-22T23:16:28-05:00,2026-08-22T23:17:58-05:00,2026-08-22T23:16:43-05:00,15,2.1,1
HSK-0108,CAS-0064,110010945601,Hospital Universitario San Ignacio,telegram,timeout,,2026-08-22T23:21:32-05:00,2026-08-22T23:23:02-05:00,,,5.8,1
HSK-0109,CAS-0064,110010867901,Sociedad de Cirugía de Bogotá - Hospital de San José,whatsapp,aceptado,,2026-08-22T23:23:08-05:00,2026-08-22T23:24:38-05:00,2026-08-22T23:24:09-05:00,61,6.8,2
HSK-0110,CAS-0065,110013029654,Hospital de Bosa,telegram,aceptado,,2026-08-22T23:35:05-05:00,2026-08-22T23:36:35-05:00,2026-08-22T23:35:57-05:00,52,1.8,1
HSK-0111,CAS-0066,110010966601,Clínica Del Occidente S.A.,telegram,rechazado,Tomógrafo fuera de servicio,2026-08-22T23:45:25-05:00,2026-08-22T23:46:55-05:00,2026-08-22T23:45:38-05:00,13,2.5,1
HSK-0112,CAS-0066,110012215001,Clínica Medical S.A.S.,whatsapp,rechazado,Sin camas UCI adultos,2026-08-22T23:45:47-05:00,2026-08-22T23:47:17-05:00,2026-08-22T23:46:20-05:00,33,2.6,2
HSK-0113,CAS-0066,110013029601,Hospital Occidente de Kennedy,telegram,rechazado,Hemodinamia en procedimiento,2026-08-22T23:46:31-05:00,2026-08-22T23:48:01-05:00,2026-08-22T23:46:51-05:00,20,4.2,3
HSK-0114,CAS-0066,110013029603,Hospital Pediátrico Tintal,telegram,rechazado,Sin especialista de turno,2026-08-22T23:46:55-05:00,2026-08-22T23:48:25-05:00,2026-08-22T23:47:47-05:00,52,8.6,4
HSK-0115,CAS-0067,110013029654,Hospital de Bosa,telegram,aceptado,,2026-08-22T23:52:02-05:00,2026-08-22T23:53:32-05:00,2026-08-22T23:52:55-05:00,53,0.9,1
HSK-0116,CAS-0068,110013627801,Clínica Azul,telegram,aceptado,,2026-08-22T23:53:25-05:00,2026-08-22T23:54:55-05:00,2026-08-22T23:54:39-05:00,74,1.7,1
HSK-0117,CAS-0069,110010566801,Hospital Universitario Clínica San Rafael,telegram,timeout,,2026-08-22T23:57:58-05:00,2026-08-22T23:59:28-05:00,,,0.9,1
HSK-0118,CAS-0069,110013028902,Unidad de Servicios de Salud San Blas,whatsapp,aceptado,,2026-08-22T23:59:40-05:00,2026-08-23T00:01:10-05:00,2026-08-23T00:00:58-05:00,78,3.6,2
HSK-0119,CAS-0070,110010966601,Clínica Del Occidente S.A.,telegram,aceptado,,2026-08-23T00:06:35-05:00,2026-08-23T00:08:05-05:00,2026-08-23T00:07:07-05:00,32,1.0,1
HSK-0120,CAS-0071,110013029654,Hospital de Bosa,telegram,aceptado,,2026-08-23T00:12:07-05:00,2026-08-23T00:13:37-05:00,2026-08-23T00:12:41-05:00,34,1.6,1
HSK-0121,CAS-0072,110013028929,Unidad de Servicios de Salud Victoria,telegram,rechazado,Hemodinamia en procedimiento,2026-08-23T00:16:05-05:00,2026-08-23T00:17:35-05:00,2026-08-23T00:16:23-05:00,18,4.9,1
HSK-0122,CAS-0072,110010917802,Centro Policlinico Del Olaya,whatsapp,rechazado,Sin especialista de turno,2026-08-23T00:16:33-05:00,2026-08-23T00:18:03-05:00,2026-08-23T00:17:34-05:00,61,6.0,2
HSK-0123,CAS-0072,110010566801,Hospital Universitario Clínica San Rafael,telegram,aceptado,,2026-08-23T00:17:42-05:00,2026-08-23T00:19:12-05:00,2026-08-23T00:17:58-05:00,16,6.3,3
HSK-0124,CAS-0073,110013390301,Loscobos Medical Center SAS - Loscobos,telegram,aceptado,,2026-08-23T00:19:50-05:00,2026-08-23T00:21:20-05:00,2026-08-23T00:20:16-05:00,26,3.3,1
HSK-0125,CAS-0074,110010918668,Clínica Infantil Santa María Del Lago,telegram,rechazado,Urgencias en contingencia por sobreocupación,2026-08-23T00:30:11-05:00,2026-08-23T00:31:41-05:00,2026-08-23T00:31:21-05:00,70,2.2,1
HSK-0126,CAS-0074,110013029103,Unidad de Servicios de Salud Engativá Calle 80,consola,timeout,,2026-08-23T00:31:27-05:00,2026-08-23T00:32:57-05:00,,,4.3,2
HSK-0127,CAS-0074,110010644701,Fundación Abood Shaio,telegram,rechazado,Tomógrafo fuera de servicio,2026-08-23T00:33:04-05:00,2026-08-23T00:34:34-05:00,2026-08-23T00:33:28-05:00,24,8.6,3
HSK-0128,CAS-0074,110012156404,Clínica Medicentro Familiar Sede Suba,consola,rechazado,Sin camas UCI adultos,2026-08-23T00:33:37-05:00,2026-08-23T00:35:07-05:00,2026-08-23T00:33:55-05:00,18,10.8,4
HSK-0129,CAS-0075,110010917802,Centro Policlinico Del Olaya,telegram,rechazado,Hemodinamia en procedimiento,2026-08-23T00:31:03-05:00,2026-08-23T00:32:33-05:00,2026-08-23T00:31:45-05:00,42,3.8,1
HSK-0130,CAS-0075,110010566801,Hospital Universitario Clínica San Rafael,whatsapp,rechazado,Sin especialista de turno,2026-08-23T00:31:55-05:00,2026-08-23T00:33:25-05:00,2026-08-23T00:32:09-05:00,14,4.1,2
HSK-0131,CAS-0075,110013028902,Unidad de Servicios de Salud San Blas,whatsapp,aceptado,,2026-08-23T00:32:13-05:00,2026-08-23T00:33:43-05:00,2026-08-23T00:32:47-05:00,34,5.8,3
HSK-0132,CAS-0076,110013029103,Unidad de Servicios de Salud Engativá Calle 80,telegram,aceptado,,2026-08-23T00:33:47-05:00,2026-08-23T00:35:17-05:00,2026-08-23T00:34:13-05:00,26,2.2,1
HSK-0133,CAS-0077,110011864201,Hospital Universitario Mayor-Mederi,telegram,rechazado,Urgencias en contingencia por sobreocupación,2026-08-23T00:37:23-05:00,2026-08-23T00:38:53-05:00,2026-08-23T00:37:53-05:00,30,2.5,1
HSK-0134,CAS-0077,110010867901,Sociedad de Cirugía de Bogotá - Hospital de San José,whatsapp,rechazado,Sin cupo en observación pediátrica,2026-08-23T00:37:57-05:00,2026-08-23T00:39:27-05:00,2026-08-23T00:38:34-05:00,37,3.6,2
HSK-0135,CAS-0077,110010568101,Fundación Hospital de La Misericordia,whatsapp,aceptado,,2026-08-23T00:38:45-05:00,2026-08-23T00:40:15-05:00,2026-08-23T00:39:30-05:00,45,6.7,3
HSK-0136,CAS-0078,110013029601,Hospital Occidente de Kennedy,telegram,aceptado,,2026-08-23T00:39:36-05:00,2026-08-23T00:41:06-05:00,2026-08-23T00:39:56-05:00,20,3.4,1
HSK-0137,CAS-0079,110012215001,Clínica Medical S.A.S.,telegram,aceptado,,2026-08-23T00:50:11-05:00,2026-08-23T00:51:41-05:00,2026-08-23T00:51:01-05:00,50,3.6,1
HSK-0138,CAS-0080,110013029654,Hospital de Bosa,telegram,rechazado,Sin especialista de turno,2026-08-23T00:59:06-05:00,2026-08-23T01:00:36-05:00,2026-08-23T00:59:18-05:00,12,2.5,1
HSK-0139,CAS-0080,110010817103,Clínica Colsubsidio Ciudad Roma,telegram,aceptado,,2026-08-23T00:59:25-05:00,2026-08-23T01:00:55-05:00,2026-08-23T00:59:44-05:00,19,13.1,2
HSK-0140,CAS-0081,110013029114,Unidad de Servicios de Salud Centro de Servicios Especializado,telegram,aceptado,,2026-08-23T01:02:16-05:00,2026-08-23T01:03:46-05:00,2026-08-23T01:02:26-05:00,10,2.1,1
HSK-0141,CAS-0082,110010966601,Clínica Del Occidente S.A.,telegram,aceptado,,2026-08-23T01:08:18-05:00,2026-08-23T01:09:48-05:00,2026-08-23T01:09:12-05:00,54,1.8,1
HSK-0142,CAS-0083,110010817102,Clínica Infantil Colsubsidio,telegram,rechazado,Sin cupo en observación pediátrica,2026-08-23T01:34:50-05:00,2026-08-23T01:36:20-05:00,2026-08-23T01:35:12-05:00,22,2.6,1
HSK-0143,CAS-0083,110013502501,Clínica Nueva El Lago S.A.S - Sede Calle 76,whatsapp,rechazado,Tomógrafo fuera de servicio,2026-08-23T01:35:20-05:00,2026-08-23T01:36:50-05:00,2026-08-23T01:36:27-05:00,67,2.9,2
HSK-0144,CAS-0083,110010959901,Clínica Del Country IPS,telegram,aceptado,,2026-08-23T01:36:31-05:00,2026-08-23T01:38:01-05:00,2026-08-23T01:37:39-05:00,68,4.0,3
HSK-0145,CAS-0084,110010867901,Sociedad de Cirugía de Bogotá - Hospital de San José,telegram,aceptado,,2026-08-23T01:42:38-05:00,2026-08-23T01:44:08-05:00,2026-08-23T01:43:55-05:00,77,1.4,1
HSK-0146,CAS-0085,110010867901,Sociedad de Cirugía de Bogotá - Hospital de San José,telegram,rechazado,Sin especialista de turno,2026-08-23T01:43:03-05:00,2026-08-23T01:44:33-05:00,2026-08-23T01:43:34-05:00,31,2.2,1
HSK-0147,CAS-0085,110011864201,Hospital Universitario Mayor-Mederi,consola,rechazado,Sala de reanimación ocupada,2026-08-23T01:43:42-05:00,2026-08-23T01:45:12-05:00,2026-08-23T01:44:02-05:00,20,4.7,2
HSK-0148,CAS-0085,110010568101,Fundación Hospital de La Misericordia,whatsapp,rechazado,"Quirófano ocupado, tiempo estimado 90 minutos",2026-08-23T01:44:09-05:00,2026-08-23T01:45:39-05:00,2026-08-23T01:44:40-05:00,31,4.9,3
HSK-0149,CAS-0085,110010606501,Instituto Nacional de Cancerología,telegram,rechazado,Urgencias en contingencia por sobreocupación,2026-08-23T01:44:46-05:00,2026-08-23T01:46:16-05:00,2026-08-23T01:45:54-05:00,68,5.8,4
HSK-0150,CAS-0086,110013029625,Hospital Fontibón,telegram,aceptado,,2026-08-23T01:50:24-05:00,2026-08-23T01:51:54-05:00,2026-08-23T01:51:31-05:00,67,0.6,1
HSK-0151,CAS-0087,110010566801,Hospital Universitario Clínica San Rafael,telegram,aceptado,,2026-08-23T01:51:45-05:00,2026-08-23T01:53:15-05:00,2026-08-23T01:52:15-05:00,30,1.8,1
HSK-0152,CAS-0088,110012156404,Clínica Medicentro Familiar Sede Suba,telegram,rechazado,Sin camas UCI adultos,2026-08-23T01:57:07-05:00,2026-08-23T01:58:37-05:00,2026-08-23T01:57:27-05:00,20,3.3,1
HSK-0153,CAS-0088,110013029114,Unidad de Servicios de Salud Centro de Servicios Especializado,whatsapp,aceptado,,2026-08-23T01:57:38-05:00,2026-08-23T01:59:08-05:00,2026-08-23T01:58:46-05:00,68,3.5,2
HSK-0154,CAS-0089,110012156404,Clínica Medicentro Familiar Sede Suba,telegram,aceptado,,2026-08-23T02:28:30-05:00,2026-08-23T02:30:00-05:00,2026-08-23T02:28:41-05:00,11,2.1,1
HSK-0155,CAS-0090,110010966601,Clínica Del Occidente S.A.,telegram,aceptado,,2026-08-23T02:38:19-05:00,2026-08-23T02:39:49-05:00,2026-08-23T02:39:10-05:00,51,3.1,1
HSK-0156,CAS-0091,110012156401,Medicentro Familiar IPS SAS,telegram,rechazado,"Quirófano ocupado, tiempo estimado 90 minutos",2026-08-23T02:42:10-05:00,2026-08-23T02:43:40-05:00,2026-08-23T02:42:28-05:00,18,1.6,1
HSK-0157,CAS-0091,110013029625,Hospital Fontibón,whatsapp,rechazado,Urgencias en contingencia por sobreocupación,2026-08-23T02:42:35-05:00,2026-08-23T02:44:05-05:00,2026-08-23T02:43:32-05:00,57,2.6,2
HSK-0158,CAS-0091,110013029603,Hospital Pediátrico Tintal,consola,aceptado,,2026-08-23T02:43:36-05:00,2026-08-23T02:45:06-05:00,2026-08-23T02:44:48-05:00,72,8.6,3
HSK-0159,CAS-0092,110013029402,Unidad de Servicios de Salud Meissen,telegram,aceptado,,2026-08-23T02:48:04-05:00,2026-08-23T02:49:34-05:00,2026-08-23T02:48:55-05:00,51,3.1,1
HSK-0160,CAS-0093,110013029654,Hospital de Bosa,telegram,rechazado,Sin camas UCI adultos,2026-08-23T02:52:42-05:00,2026-08-23T02:54:12-05:00,2026-08-23T02:53:30-05:00,48,2.1,1
HSK-0161,CAS-0093,110010817103,Clínica Colsubsidio Ciudad Roma,consola,rechazado,Hemodinamia en procedimiento,2026-08-23T02:53:37-05:00,2026-08-23T02:55:07-05:00,2026-08-23T02:54:08-05:00,31,13.0,2
HSK-0162,CAS-0093,110013029601,Hospital Occidente de Kennedy,telegram,timeout,,2026-08-23T02:54:13-05:00,2026-08-23T02:55:43-05:00,,,17.9,3
HSK-0163,CAS-0093,110012215001,Clínica Medical S.A.S.,whatsapp,rechazado,Sala de reanimación ocupada,2026-08-23T02:55:51-05:00,2026-08-23T02:57:21-05:00,2026-08-23T02:57:04-05:00,73,18.8,4
HSK-0164,CAS-0094,110012156404,Clínica Medicentro Familiar Sede Suba,telegram,aceptado,,2026-08-23T02:55:29-05:00,2026-08-23T02:56:59-05:00,2026-08-23T02:55:52-05:00,23,1.3,1
HSK-0165,CAS-0095,110013029103,Unidad de Servicios de Salud Engativá Calle 80,telegram,aceptado,,2026-08-23T03:07:37-05:00,2026-08-23T03:09:07-05:00,2026-08-23T03:08:22-05:00,45,3.9,1
HSK-0166,CAS-0096,110013029654,Hospital de Bosa,telegram,rechazado,Sin cupo en observación pediátrica,2026-08-23T03:15:30-05:00,2026-08-23T03:17:00-05:00,2026-08-23T03:15:51-05:00,21,1.8,1
HSK-0167,CAS-0096,110013029601,Hospital Occidente de Kennedy,consola,aceptado,,2026-08-23T03:15:57-05:00,2026-08-23T03:17:27-05:00,2026-08-23T03:16:22-05:00,25,15.2,2
HSK-0168,CAS-0097,110010918668,Clínica Infantil Santa María Del Lago,telegram,aceptado,,2026-08-23T03:32:20-05:00,2026-08-23T03:33:50-05:00,2026-08-23T03:32:32-05:00,12,1.7,1
HSK-0169,CAS-0098,110013029654,Hospital de Bosa,telegram,aceptado,,2026-08-23T03:38:02-05:00,2026-08-23T03:39:32-05:00,2026-08-23T03:38:37-05:00,35,1.4,1
HSK-0170,CAS-0099,110010867901,Sociedad de Cirugía de Bogotá - Hospital de San José,telegram,rechazado,Sin especialista de turno,2026-08-23T03:44:58-05:00,2026-08-23T03:46:28-05:00,2026-08-23T03:45:19-05:00,21,4.4,1
HSK-0171,CAS-0099,110011864201,Hospital Universitario Mayor-Mederi,whatsapp,aceptado,,2026-08-23T03:45:30-05:00,2026-08-23T03:47:00-05:00,2026-08-23T03:46:16-05:00,46,5.3,2
HSK-0172,CAS-0100,110011613301,Fundación Hospital Infantil Universitario de San Jose,telegram,aceptado,,2026-08-23T03:53:15-05:00,2026-08-23T03:54:45-05:00,2026-08-23T03:54:22-05:00,67,2.0,1
HSK-0173,CAS-0101,110012507001,Administradora Clínica La Colina SAS,telegram,rechazado,Urgencias en contingencia por sobreocupación,2026-08-23T04:04:05-05:00,2026-08-23T04:05:35-05:00,2026-08-23T04:04:17-05:00,12,7.6,1
HSK-0174,CAS-0101,110010644701,Fundación Abood Shaio,whatsapp,rechazado,Sin cupo en observación pediátrica,2026-08-23T04:04:27-05:00,2026-08-23T04:05:57-05:00,2026-08-23T04:04:47-05:00,20,13.8,2
HSK-0175,CAS-0101,110010918668,Clínica Infantil Santa María Del Lago,telegram,rechazado,Tomógrafo fuera de servicio,2026-08-23T04:04:57-05:00,2026-08-23T04:06:27-05:00,2026-08-23T04:05:28-05:00,31,14.8,3
HSK-0176,CAS-0102,110013029114,Unidad de Servicios de Salud Centro de Servicios Especializado,telegram,rechazado,Sin camas UCI adultos,2026-08-23T04:08:31-05:00,2026-08-23T04:10:01-05:00,2026-08-23T04:08:45-05:00,14,2.0,1
HSK-0177,CAS-0102,110010910401,Clínica Juan N Corpas Ltda,whatsapp,aceptado,,2026-08-23T04:08:52-05:00,2026-08-23T04:10:22-05:00,2026-08-23T04:10:03-05:00,71,3.9,2
HSK-0178,CAS-0103,110013029114,Unidad de Servicios de Salud Centro de Servicios Especializado,telegram,aceptado,,2026-08-23T04:09:09-05:00,2026-08-23T04:10:39-05:00,2026-08-23T04:09:23-05:00,14,1.7,1
HSK-0179,CAS-0104,110013029402,Unidad de Servicios de Salud Meissen,telegram,rechazado,Sala de reanimación ocupada,2026-08-23T04:12:37-05:00,2026-08-23T04:14:07-05:00,2026-08-23T04:13:23-05:00,46,4.0,1
HSK-0180,CAS-0104,110013029401,Unidad de Servicios de Salud El Tunal,whatsapp,aceptado,,2026-08-23T04:13:27-05:00,2026-08-23T04:14:57-05:00,2026-08-23T04:13:47-05:00,20,8.0,2
HSK-0181,CAS-0105,110013029654,Hospital de Bosa,telegram,aceptado,,2026-08-23T04:22:15-05:00,2026-08-23T04:23:45-05:00,2026-08-23T04:23:21-05:00,66,1.9,1
HSK-0182,CAS-0106,110013029402,Unidad de Servicios de Salud Meissen,telegram,aceptado,,2026-08-23T04:57:20-05:00,2026-08-23T04:58:50-05:00,2026-08-23T04:57:40-05:00,20,3.7,1
HSK-0183,CAS-0107,110013029103,Unidad de Servicios de Salud Engativá Calle 80,telegram,rechazado,Tomógrafo fuera de servicio,2026-08-23T05:04:51-05:00,2026-08-23T05:06:21-05:00,2026-08-23T05:05:24-05:00,33,5.2,1
HSK-0184,CAS-0107,110010918668,Clínica Infantil Santa María Del Lago,telegram,aceptado,,2026-08-23T05:05:34-05:00,2026-08-23T05:07:04-05:00,2026-08-23T05:06:28-05:00,54,5.5,2
HSK-0185,CAS-0108,110010959901,Clínica Del Country IPS,telegram,aceptado,,2026-08-23T05:21:17-05:00,2026-08-23T05:22:47-05:00,2026-08-23T05:22:04-05:00,47,2.2,1
HSK-0186,CAS-0109,110013029401,Unidad de Servicios de Salud El Tunal,telegram,aceptado,,2026-08-23T05:22:15-05:00,2026-08-23T05:23:45-05:00,2026-08-23T05:23:31-05:00,76,8.2,1
HSK-0187,CAS-0110,110013029654,Hospital de Bosa,telegram,rechazado,Sala de reanimación ocupada,2026-08-23T05:35:12-05:00,2026-08-23T05:36:42-05:00,2026-08-23T05:36:18-05:00,66,1.1,1
HSK-0188,CAS-0110,110010817103,Clínica Colsubsidio Ciudad Roma,consola,rechazado,"Quirófano ocupado, tiempo estimado 90 minutos",2026-08-23T05:36:26-05:00,2026-08-23T05:37:56-05:00,2026-08-23T05:36:42-05:00,16,12.5,2
HSK-0189,CAS-0110,110013029601,Hospital Occidente de Kennedy,telegram,aceptado,,2026-08-23T05:36:53-05:00,2026-08-23T05:38:23-05:00,2026-08-23T05:37:24-05:00,31,17.3,3
HSK-0190,CAS-0111,110013029103,Unidad de Servicios de Salud Engativá Calle 80,telegram,aceptado,,2026-08-23T05:50:40-05:00,2026-08-23T05:52:10-05:00,2026-08-23T05:51:15-05:00,35,2.9,1
HSK-0191,CAS-0112,110010895201,Clínica Palermo,telegram,rechazado,Tomógrafo fuera de servicio,2026-08-23T06:05:39-05:00,2026-08-23T06:07:09-05:00,2026-08-23T06:06:23-05:00,44,2.7,1
HSK-0192,CAS-0112,110010752101,Clínica Nueva,consola,rechazado,Sin camas UCI adultos,2026-08-23T06:06:30-05:00,2026-08-23T06:08:00-05:00,2026-08-23T06:07:23-05:00,53,3.6,2
HSK-0193,CAS-0112,110010936101,Clínica de Marly,consola,rechazado,Hemodinamia en procedimiento,2026-08-23T06:07:34-05:00,2026-08-23T06:09:04-05:00,2026-08-23T06:08:51-05:00,77,4.8,3
HSK-0194,CAS-0113,110010966601,Clínica Del Occidente S.A.,telegram,aceptado,,2026-08-23T06:06:29-05:00,2026-08-23T06:07:59-05:00,2026-08-23T06:06:50-05:00,21,2.3,1
HSK-0195,CAS-0114,110012156404,Clínica Medicentro Familiar Sede Suba,telegram,aceptado,,2026-08-23T06:07:27-05:00,2026-08-23T06:08:57-05:00,2026-08-23T06:07:46-05:00,19,2.9,1
HSK-0196,CAS-0115,110013627801,Clínica Azul,telegram,rechazado,"Quirófano ocupado, tiempo estimado 90 minutos",2026-08-23T06:31:41-05:00,2026-08-23T06:33:11-05:00,2026-08-23T06:32:50-05:00,69,2.7,1
HSK-0197,CAS-0115,110011613301,Fundación Hospital Infantil Universitario de San Jose,telegram,aceptado,,2026-08-23T06:33:00-05:00,2026-08-23T06:34:30-05:00,2026-08-23T06:33:50-05:00,50,3.1,2
HSK-0198,CAS-0116,110012156404,Clínica Medicentro Familiar Sede Suba,telegram,aceptado,,2026-08-23T06:38:23-05:00,2026-08-23T06:39:53-05:00,2026-08-23T06:38:36-05:00,13,1.0,1
HSK-0199,CAS-0117,110010918668,Clínica Infantil Santa María Del Lago,telegram,aceptado,,2026-08-23T06:42:08-05:00,2026-08-23T06:43:38-05:00,2026-08-23T06:42:57-05:00,49,1.9,1
HSK-0200,CAS-0118,110010566801,Hospital Universitario Clínica San Rafael,telegram,rechazado,Sin camas UCI adultos,2026-08-23T06:42:46-05:00,2026-08-23T06:44:16-05:00,2026-08-23T06:43:05-05:00,19,2.2,1
HSK-0201,CAS-0118,110013028901,Unidad de Servicios de Salud Santa Clara Hospital Universitario,consola,aceptado,,2026-08-23T06:43:09-05:00,2026-08-23T06:44:39-05:00,2026-08-23T06:43:40-05:00,31,2.6,2
HSK-0202,CAS-0119,110012215001,Clínica Medical S.A.S.,telegram,aceptado,,2026-08-23T06:45:14-05:00,2026-08-23T06:46:44-05:00,2026-08-23T06:45:26-05:00,12,0.6,1
HSK-0203,CAS-0120,110013028929,Unidad de Servicios de Salud Victoria,telegram,rechazado,Sala de reanimación ocupada,2026-08-23T06:50:17-05:00,2026-08-23T06:51:47-05:00,2026-08-23T06:51:02-05:00,45,20.9,1
HSK-0204,CAS-0120,110013029402,Unidad de Servicios de Salud Meissen,consola,rechazado,"Quirófano ocupado, tiempo estimado 90 minutos",2026-08-23T06:51:10-05:00,2026-08-23T06:52:40-05:00,2026-08-23T06:51:27-05:00,17,22.2,2
HSK-0205,CAS-0120,110013028902,Unidad de Servicios de Salud San Blas,whatsapp,rechazado,Urgencias en contingencia por sobreocupación,2026-08-23T06:51:39-05:00,2026-08-23T06:53:09-05:00,2026-08-23T06:52:12-05:00,33,26.9,3
