movil_id,lat,lng,precision_m,velocidad_kmh,disponible,reportado_en
AMB-001,4.710879,-74.113483,25,45,false,2026-08-22T19:41:35-05:00
AMB-001,4.636264,-74.213797,8,22,false,2026-08-22T19:00:59-05:00
AMB-001,4.485509,-74.111344,12,0,false,2026-08-22T20:55:14-05:00
AMB-001,4.697728,-74.104388,12,58,false,2026-08-22T21:38:23-05:00
AMB-001,4.632835,-74.220333,25,22,false,2026-08-22T22:06:06-05:00
AMB-001,4.493441,-74.115238,18,58,false,2026-08-22T23:28:14-05:00
AMB-001,4.695994,-74.126126,12,45,false,2026-08-22T23:59:04-05:00
AMB-001,4.629874,-74.222534,8,14,false,2026-08-23T00:58:09-05:00
AMB-001,4.485858,-74.124256,8,14,false,2026-08-23T01:50:59-05:00
AMB-001,4.704934,-74.110692,12,31,false,2026-08-23T02:18:45-05:00
AMB-001,4.630508,-74.202076,18,58,false,2026-08-23T03:26:14-05:00
AMB-001,4.477965,-74.114388,8,0,false,2026-08-23T03:31:44-05:00
AMB-001,4.703678,-74.108807,18,14,false,2026-08-23T04:26:32-05:00
AMB-001,4.643516,-74.224396,8,0,false,2026-08-23T05:51:14-05:00
AMB-001,4.491919,-74.122622,65,31,false,2026-08-23T06:36:01-05:00
AMB-002,4.607266,-74.089939,40,22,true,2026-08-22T19:00:24-05:00
AMB-002,4.637592,-74.199589,25,45,true,2026-08-22T19:18:42-05:00
AMB-002,4.69949,-74.109271,18,22,true,2026-08-22T20:15:01-05:00
AMB-002,4.607144,-74.083506,25,58,true,2026-08-22T21:58:19-05:00
AMB-002,4.628232,-74.213088,65,31,true,2026-08-22T22:02:37-05:00
AMB-002,4.696916,-74.126384,65,45,true,2026-08-22T23:10:38-05:00
AMB-002,4.605749,-74.077209,120,0,true,2026-08-22T23:52:14-05:00
AMB-002,4.621532,-74.214968,120,0,true,2026-08-23T00:07:09-05:00
AMB-002,4.706803,-74.116403,8,45,true,2026-08-23T01:41:03-05:00
AMB-002,4.603919,-74.087355,120,58,true,2026-08-23T02:04:25-05:00
AMB-002,4.643188,-74.195399,12,14,true,2026-08-23T03:43:53-05:00
AMB-002,4.6929,-74.127935,25,45,true,2026-08-23T03:35:07-05:00
AMB-002,4.610926,-74.071789,8,45,true,2026-08-23T04:52:43-05:00
AMB-002,4.626954,-74.213975,25,31,true,2026-08-23T05:28:48-05:00
AMB-002,4.693024,-74.126443,25,58,true,2026-08-23T06:10:04-05:00
AMB-003,4.616809,-74.138352,120,0,true,2026-08-22T19:13:20-05:00
AMB-003,4.741155,-74.085626,8,0,true,2026-08-22T19:56:56-05:00
AMB-003,4.742857,-74.090645,8,22,true,2026-08-22T20:17:23-05:00
AMB-003,4.618873,-74.155574,12,22,true,2026-08-22T21:31:22-05:00
AMB-003,4.734577,-74.095142,8,14,true,2026-08-22T22:28:14-05:00
AMB-003,4.724451,-74.080908,12,31,true,2026-08-22T23:14:50-05:00
AMB-003,4.627838,-74.132839,12,0,true,2026-08-22T23:37:07-05:00
AMB-003,4.731161,-74.092082,25,14,true,2026-08-23T00:54:16-05:00
AMB-003,4.738862,-74.0736,18,45,true,2026-08-23T01:13:07-05:00
AMB-003,4.631721,-74.134647,18,0,true,2026-08-23T02:38:32-05:00
AMB-003,4.74338,-74.085263,12,31,true,2026-08-23T03:37:05-05:00
AMB-003,4.729592,-74.086336,65,22,true,2026-08-23T03:01:06-05:00
AMB-003,4.627399,-74.15441,120,58,true,2026-08-23T04:01:59-05:00
AMB-003,4.740269,-74.081486,8,58,true,2026-08-23T05:09:21-05:00
AMB-003,4.725555,-74.087386,120,0,true,2026-08-23T06:33:45-05:00
AMB-004,4.48733,-74.12531,120,0,true,2026-08-22T19:01:01-05:00
AMB-004,4.673375,-74.155065,65,45,true,2026-08-22T19:17:20-05:00
AMB-004,4.75896,-74.082041,12,31,true,2026-08-22T20:48:22-05:00
AMB-004,4.506145,-74.121926,120,0,true,2026-08-22T21:40:15-05:00
AMB-004,4.675056,-74.145458,8,14,true,2026-08-22T22:14:38-05:00
AMB-004,4.750903,-74.080563,65,14,true,2026-08-22T23:45:01-05:00
AMB-004,4.494237,-74.114766,12,0,true,2026-08-22T23:13:59-05:00
AMB-004,4.674268,-74.148352,18,31,true,2026-08-23T00:45:10-05:00
AMB-004,4.739009,-74.099281,12,22,true,2026-08-23T01:29:33-05:00
AMB-004,4.489833,-74.116909,8,58,true,2026-08-23T02:13:08-05:00
AMB-004,4.661809,-74.146511,120,14,true,2026-08-23T03:55:10-05:00
AMB-004,4.753409,-74.096091,25,14,true,2026-08-23T03:04:38-05:00
AMB-004,4.491267,-74.113545,18,58,true,2026-08-23T04:51:05-05:00
AMB-004,4.677991,-74.14337,40,22,true,2026-08-23T05:36:12-05:00
AMB-004,4.755664,-74.082587,65,31,true,2026-08-23T06:27:42-05:00
AMB-005,4.640539,-74.111376,12,31,false,2026-08-22T19:15:07-05:00
AMB-005,4.67441,-74.066608,25,31,false,2026-08-22T19:03:51-05:00
AMB-005,4.654222,-74.056927,8,22,false,2026-08-22T20:46:31-05:00
AMB-005,4.628157,-74.10484,8,0,false,2026-08-22T21:29:26-05:00
AMB-005,4.670523,-74.076278,40,14,false,2026-08-22T22:17:44-05:00
AMB-005,4.673314,-74.06878,120,0,false,2026-08-22T23:46:24-05:00
AMB-005,4.64495,-74.113277,25,45,false,2026-08-22T23:50:48-05:00
AMB-005,4.682356,-74.060921,12,0,false,2026-08-23T00:34:44-05:00
AMB-005,4.675337,-74.067517,65,14,false,2026-08-23T01:57:25-05:00
AMB-005,4.64015,-74.108108,18,22,false,2026-08-23T02:17:25-05:00
AMB-005,4.683815,-74.067047,65,45,false,2026-08-23T03:24:27-05:00
AMB-005,4.67721,-74.073819,12,0,false,2026-08-23T03:34:21-05:00
AMB-005,4.626374,-74.112568,12,31,false,2026-08-23T04:23:21-05:00
AMB-005,4.681844,-74.058424,25,45,false,2026-08-23T05:07:47-05:00
AMB-005,4.656714,-74.074447,8,45,false,2026-08-23T06:29:23-05:00
AMB-006,4.636265,-74.148184,12,45,true,2026-08-22T19:06:29-05:00
AMB-006,4.734143,-74.094225,40,0,true,2026-08-22T19:14:19-05:00
AMB-006,4.688204,-74.112597,25,0,true,2026-08-22T20:29:01-05:00
AMB-006,4.63833,-74.164126,12,45,true,2026-08-22T21:39:15-05:00
AMB-006,4.740619,-74.091625,18,31,true,2026-08-22T22:21:13-05:00
AMB-006,4.704303,-74.108376,18,22,true,2026-08-22T23:57:47-05:00
AMB-006,4.636616,-74.160085,65,14,true,2026-08-22T23:00:58-05:00
AMB-006,4.744439,-74.080152,8,45,true,2026-08-23T00:29:51-05:00
AMB-006,4.710062,-74.116702,120,22,true,2026-08-23T01:22:44-05:00
AMB-006,4.641279,-74.162304,40,22,true,2026-08-23T02:44:58-05:00
AMB-006,4.743934,-74.085864,120,31,true,2026-08-23T03:35:52-05:00
AMB-006,4.703387,-74.115853,25,58,true,2026-08-23T03:41:16-05:00
AMB-006,4.630991,-74.1517,120,58,true,2026-08-23T04:04:51-05:00
AMB-006,4.739923,-74.090103,25,14,true,2026-08-23T05:00:43-05:00
AMB-006,4.69331,-74.099945,8,31,true,2026-08-23T06:50:58-05:00
AMB-007,4.610682,-74.068144,25,14,true,2026-08-22T19:58:12-05:00
AMB-007,4.628464,-74.220363,120,22,true,2026-08-22T19:41:36-05:00
AMB-007,4.620004,-74.144976,18,0,true,2026-08-22T20:24:56-05:00
AMB-007,4.609083,-74.064999,8,58,true,2026-08-22T21:12:09-05:00
AMB-007,4.621335,-74.2245,65,14,true,2026-08-22T22:09:16-05:00
AMB-007,4.628906,-74.149459,12,22,true,2026-08-22T23:55:17-05:00
AMB-007,4.593403,-74.071909,40,0,true,2026-08-22T23:37:54-05:00
AMB-007,4.631497,-74.202777,120,22,true,2026-08-23T00:00:51-05:00
AMB-007,4.636076,-74.151577,65,31,true,2026-08-23T01:23:12-05:00
AMB-007,4.598162,-74.051383,40,0,true,2026-08-23T02:29:19-05:00
AMB-007,4.625042,-74.223581,18,0,true,2026-08-23T03:26:47-05:00
AMB-007,4.633226,-74.131135,25,45,true,2026-08-23T03:59:45-05:00
AMB-007,4.591958,-74.056277,65,14,true,2026-08-23T04:56:22-05:00
AMB-007,4.642576,-74.215075,120,0,true,2026-08-23T05:59:06-05:00
AMB-007,4.64065,-74.131711,18,14,true,2026-08-23T06:21:49-05:00
AMB-008,4.661082,-74.155827,8,31,true,2026-08-22T19:34:29-05:00
AMB-008,4.572574,-74.096734,12,45,true,2026-08-22T19:42:17-05:00
AMB-008,4.572103,-74.146451,12,31,true,2026-08-22T20:05:48-05:00
AMB-008,4.679848,-74.140054,8,22,true,2026-08-22T21:59:37-05:00
AMB-008,4.581751,-74.097748,25,22,true,2026-08-22T22:58:48-05:00
AMB-008,4.557939,-74.166005,40,0,true,2026-08-22T23:30:37-05:00
AMB-008,4.67403,-74.138659,12,31,true,2026-08-22T23:13:22-05:00
AMB-008,4.582039,-74.093327,40,31,true,2026-08-23T00:15:16-05:00
AMB-008,4.570603,-74.144191,65,45,true,2026-08-23T01:00:39-05:00
AMB-008,4.66584,-74.141474,12,0,true,2026-08-23T02:32:38-05:00
AMB-008,4.583716,-74.105011,120,0,true,2026-08-23T03:03:20-05:00
AMB-008,4.562826,-74.15397,25,0,true,2026-08-23T03:45:24-05:00
AMB-008,4.677343,-74.153762,40,0,true,2026-08-23T04:40:42-05:00
AMB-008,4.587039,-74.092251,18,0,true,2026-08-23T05:20:36-05:00
AMB-008,4.565426,-74.158289,18,31,true,2026-08-23T06:10:10-05:00
AMB-009,4.643023,-74.149912,120,14,false,2026-08-22T19:44:17-05:00
AMB-009,4.575637,-74.114051,25,58,false,2026-08-22T19:27:45-05:00
AMB-009,4.619707,-74.206962,65,0,false,2026-08-22T20:44:16-05:00
AMB-009,4.64393,-74.145777,18,45,false,2026-08-22T21:41:21-05:00
AMB-009,4.577291,-74.125039,18,22,false,2026-08-22T22:18:01-05:00
AMB-009,4.638413,-74.207337,8,58,false,2026-08-22T23:04:55-05:00
AMB-009,4.619999,-74.135236,18,0,false,2026-08-22T23:23:09-05:00
AMB-009,4.568545,-74.126978,12,22,false,2026-08-23T00:21:04-05:00
AMB-009,4.625901,-74.193192,25,0,false,2026-08-23T01:12:47-05:00
AMB-009,4.625038,-74.138015,65,0,false,2026-08-23T02:13:52-05:00
AMB-009,4.569274,-74.118677,25,0,false,2026-08-23T03:14:54-05:00
AMB-009,4.619905,-74.196768,65,0,false,2026-08-23T03:56:44-05:00
AMB-009,4.632476,-74.139128,65,22,false,2026-08-23T04:03:22-05:00
AMB-009,4.584657,-74.13082,40,0,false,2026-08-23T05:55:45-05:00
AMB-009,4.63012,-74.202285,25,45,false,2026-08-23T06:23:25-05:00
AMB-010,4.630189,-74.215188,120,0,true,2026-08-22T19:46:11-05:00
AMB-010,4.644835,-74.206388,65,58,true,2026-08-22T19:05:59-05:00
AMB-010,4.663874,-74.052982,40,0,true,2026-08-22T20:51:46-05:00
AMB-010,4.638813,-74.21866,65,58,true,2026-08-22T21:47:43-05:00
AMB-010,4.640789,-74.212125,40,22,true,2026-08-22T22:28:19-05:00
AMB-010,4.654663,-74.048037,25,14,true,2026-08-22T23:56:56-05:00
AMB-010,4.640122,-74.219329,25,45,true,2026-08-22T23:47:46-05:00
AMB-010,4.628503,-74.196969,120,58,true,2026-08-23T00:11:15-05:00
AMB-010,4.653504,-74.056541,12,22,true,2026-08-23T01:42:02-05:00
AMB-010,4.639454,-74.202657,18,0,true,2026-08-23T02:31:41-05:00
AMB-010,4.635794,-74.196236,12,45,true,2026-08-23T03:09:18-05:00
AMB-010,4.653576,-74.063583,12,45,true,2026-08-23T03:41:59-05:00
AMB-010,4.633451,-74.217073,25,22,true,2026-08-23T04:30:58-05:00
AMB-010,4.626483,-74.197598,65,22,true,2026-08-23T05:57:49-05:00
AMB-010,4.654405,-74.047863,12,0,true,2026-08-23T06:32:51-05:00
AMB-011,4.703645,-74.122522,120,58,true,2026-08-22T19:27:43-05:00
AMB-011,4.630758,-74.145148,40,31,true,2026-08-22T19:00:30-05:00
AMB-011,4.628189,-74.204914,25,0,true,2026-08-22T20:35:47-05:00
AMB-011,4.688256,-74.122252,12,0,true,2026-08-22T21:08:41-05:00
AMB-011,4.642948,-74.132234,12,0,true,2026-08-22T22:53:51-05:00
AMB-011,4.639741,-74.205384,8,14,true,2026-08-22T23:34:55-05:00
AMB-011,4.702083,-74.116824,65,0,true,2026-08-22T23:17:18-05:00
AMB-011,4.642334,-74.14126,65,45,true,2026-08-23T00:18:21-05:00
AMB-011,4.634959,-74.212379,18,31,true,2026-08-23T01:00:32-05:00
AMB-011,4.691154,-74.110278,40,31,true,2026-08-23T02:18:34-05:00
AMB-011,4.637054,-74.141378,65,0,true,2026-08-23T03:20:36-05:00
AMB-011,4.639358,-74.221646,120,58,true,2026-08-23T03:12:05-05:00
AMB-011,4.698426,-74.111597,12,58,true,2026-08-23T04:44:22-05:00
AMB-011,4.640359,-74.133541,8,58,true,2026-08-23T05:44:25-05:00
AMB-011,4.644515,-74.202234,18,14,true,2026-08-23T06:20:08-05:00
AMB-012,4.501022,-74.114175,8,14,true,2026-08-22T19:12:09-05:00
AMB-012,4.732058,-74.073105,40,22,true,2026-08-22T19:31:54-05:00
AMB-012,4.698439,-74.095893,120,22,true,2026-08-22T20:08:37-05:00
AMB-012,4.487886,-74.106401,18,45,true,2026-08-22T21:28:36-05:00
AMB-012,4.746361,-74.085242,120,45,true,2026-08-22T22:52:28-05:00
AMB-012,4.701703,-74.104525,40,31,true,2026-08-22T23:41:07-05:00
AMB-012,4.506349,-74.10724,40,31,true,2026-08-22T23:06:35-05:00
AMB-012,4.729459,-74.094049,65,45,true,2026-08-23T00:14:50-05:00
AMB-012,4.693162,-74.112612,8,0,true,2026-08-23T01:42:38-05:00
AMB-012,4.502389,-74.110213,65,0,true,2026-08-23T02:47:50-05:00
AMB-012,4.736272,-74.075467,8,31,true,2026-08-23T03:59:13-05:00
AMB-012,4.705788,-74.111409,12,31,true,2026-08-23T03:52:03-05:00
AMB-012,4.502848,-74.122839,12,31,true,2026-08-23T04:42:41-05:00
AMB-012,4.727429,-74.094225,40,14,true,2026-08-23T05:41:26-05:00
AMB-012,4.701934,-74.091697,65,0,true,2026-08-23T06:02:09-05:00
AMB-013,4.63992,-74.202387,40,31,false,2026-08-22T19:43:54-05:00
AMB-013,4.573106,-74.129926,12,0,false,2026-08-22T19:13:15-05:00
AMB-013,4.606962,-74.094292,12,22,false,2026-08-22T20:02:09-05:00
AMB-013,4.63275,-74.201284,12,31,false,2026-08-22T21:56:55-05:00
AMB-013,4.566682,-74.138477,12,58,false,2026-08-22T22:55:27-05:00
AMB-013,4.619489,-74.097364,40,0,false,2026-08-22T23:01:57-05:00
AMB-013,4.643266,-74.195687,12,22,false,2026-08-22T23:30:11-05:00
AMB-013,4.566039,-74.141427,18,14,false,2026-08-23T00:03:56-05:00
AMB-013,4.618264,-74.080881,65,14,false,2026-08-23T01:59:20-05:00
AMB-013,4.631801,-74.198936,18,14,false,2026-08-23T02:39:57-05:00
AMB-013,4.578095,-74.136003,12,0,false,2026-08-23T03:06:18-05:00
AMB-013,4.60594,-74.0795,65,0,false,2026-08-23T03:49:13-05:00
AMB-013,4.631785,-74.200251,8,45,false,2026-08-23T04:25:18-05:00
AMB-013,4.571626,-74.127658,120,0,false,2026-08-23T05:31:39-05:00
AMB-013,4.603326,-74.078042,40,58,false,2026-08-23T06:24:20-05:00
AMB-014,4.643175,-74.206088,40,58,true,2026-08-22T19:37:14-05:00
AMB-014,4.635205,-74.198427,40,14,true,2026-08-22T19:10:59-05:00
AMB-014,4.699613,-74.117185,120,0,true,2026-08-22T20:13:10-05:00
AMB-014,4.647243,-74.202082,18,22,true,2026-08-22T21:23:57-05:00
AMB-014,4.622063,-74.188849,25,22,true,2026-08-22T22:55:24-05:00
AMB-014,4.690438,-74.11877,40,0,true,2026-08-22T23:38:41-05:00
AMB-014,4.629537,-74.19403,40,0,true,2026-08-22T23:41:06-05:00
AMB-014,4.641234,-74.20442,8,45,true,2026-08-23T00:19:31-05:00
AMB-014,4.698716,-74.122836,120,14,true,2026-08-23T01:35:34-05:00
AMB-014,4.646199,-74.20596,25,0,true,2026-08-23T02:51:32-05:00
AMB-014,4.624695,-74.206556,25,22,true,2026-08-23T03:32:38-05:00
AMB-014,4.702764,-74.120803,25,0,true,2026-08-23T03:00:55-05:00
AMB-014,4.631394,-74.193958,65,45,true,2026-08-23T04:33:47-05:00
AMB-014,4.64012,-74.206391,8,0,true,2026-08-23T05:04:43-05:00
AMB-014,4.705654,-74.110279,65,22,true,2026-08-23T06:19:14-05:00
AMB-015,4.622009,-74.151312,25,0,true,2026-08-22T19:17:03-05:00
AMB-015,4.632503,-74.137624,120,0,true,2026-08-22T19:04:23-05:00
AMB-015,4.645105,-74.19515,25,45,true,2026-08-22T20:57:20-05:00
AMB-015,4.63029,-74.146217,18,14,true,2026-08-22T21:20:23-05:00
AMB-015,4.62972,-74.15322,65,45,true,2026-08-22T22:01:47-05:00
AMB-015,4.635486,-74.190395,12,0,true,2026-08-22T23:09:42-05:00
AMB-015,4.611399,-74.159732,40,22,true,2026-08-22T23:26:48-05:00
AMB-015,4.632702,-74.138976,120,22,true,2026-08-23T00:57:37-05:00
AMB-015,4.641256,-74.196275,40,45,true,2026-08-23T01:40:17-05:00
AMB-015,4.61335,-74.148964,65,45,true,2026-08-23T02:56:40-05:00
AMB-015,4.625232,-74.146202,25,31,true,2026-08-23T03:16:47-05:00
AMB-015,4.633597,-74.198077,25,31,true,2026-08-23T03:01:22-05:00
AMB-015,4.616385,-74.151712,120,0,true,2026-08-23T04:25:12-05:00
AMB-015,4.620092,-74.143578,40,0,true,2026-08-23T05:49:30-05:00
AMB-015,4.648752,-74.198806,18,0,true,2026-08-23T06:11:38-05:00
AMB-016,4.625539,-74.14979,12,14,true,2026-08-22T19:12:57-05:00
AMB-016,4.64251,-74.19317,40,0,true,2026-08-22T19:28:59-05:00
AMB-016,4.603002,-74.089462,40,22,true,2026-08-22T20:25:52-05:00
AMB-016,4.632646,-74.137639,8,14,true,2026-08-22T21:50:09-05:00
AMB-016,4.644019,-74.211531,65,0,true,2026-08-22T22:24:02-05:00
AMB-016,4.603532,-74.085451,18,45,true,2026-08-22T23:33:39-05:00
AMB-016,4.633276,-74.135484,25,0,true,2026-08-22T23:31:11-05:00
AMB-016,4.639452,-74.211377,65,22,true,2026-08-23T00:37:49-05:00
AMB-016,4.602054,-74.077395,120,14,true,2026-08-23T01:24:26-05:00
AMB-016,4.621486,-74.152144,12,45,true,2026-08-23T02:31:43-05:00
AMB-016,4.633691,-74.212378,120,31,true,2026-08-23T03:10:26-05:00
AMB-016,4.608032,-74.067422,18,58,true,2026-08-23T03:24:12-05:00
AMB-016,4.624517,-74.153385,18,14,true,2026-08-23T04:04:11-05:00
AMB-016,4.646712,-74.195943,25,45,true,2026-08-23T05:21:25-05:00
AMB-016,4.617968,-74.067955,25,58,true,2026-08-23T06:14:48-05:00
AMB-017,4.629794,-74.085973,25,0,false,2026-08-22T19:38:23-05:00
AMB-017,4.556644,-74.097436,25,0,false,2026-08-22T19:04:18-05:00
AMB-017,4.649061,-74.092173,25,14,false,2026-08-22T20:30:58-05:00
AMB-017,4.64349,-74.08053,12,31,false,2026-08-22T21:53:23-05:00
AMB-017,4.555713,-74.108242,40,0,false,2026-08-22T22:58:36-05:00
AMB-017,4.649417,-74.086322,40,14,false,2026-08-22T23:15:47-05:00
AMB-017,4.645242,-74.071887,65,58,false,2026-08-22T23:12:00-05:00
AMB-017,4.557318,-74.118262,40,0,false,2026-08-23T00:09:05-05:00
AMB-017,4.631941,-74.071055,8,45,false,2026-08-23T01:28:13-05:00
AMB-017,4.64322,-74.083579,25,22,false,2026-08-23T02:09:25-05:00
AMB-017,4.572885,-74.104016,8,58,false,2026-08-23T03:29:41-05:00
AMB-017,4.639571,-74.08106,12,0,false,2026-08-23T03:03:35-05:00
AMB-017,4.646658,-74.08903,40,0,false,2026-08-23T04:46:34-05:00
AMB-017,4.561802,-74.108638,40,0,false,2026-08-23T05:08:26-05:00
AMB-017,4.639614,-74.07226,65,0,false,2026-08-23T06:34:47-05:00
AMB-018,4.626001,-74.1999,120,31,true,2026-08-22T19:38:55-05:00
AMB-018,4.557579,-74.140225,120,45,true,2026-08-22T19:20:41-05:00
AMB-018,4.615985,-74.079001,18,0,true,2026-08-22T20:10:50-05:00
AMB-018,4.634328,-74.201151,18,58,true,2026-08-22T21:43:00-05:00
AMB-018,4.56363,-74.147563,40,14,true,2026-08-22T22:37:34-05:00
AMB-018,4.609801,-74.071205,25,14,true,2026-08-22T23:32:40-05:00
AMB-018,4.635029,-74.211563,65,58,true,2026-08-22T23:55:43-05:00
AMB-018,4.545354,-74.140056,18,45,true,2026-08-23T00:10:24-05:00
AMB-018,4.611618,-74.063174,25,0,true,2026-08-23T01:32:58-05:00
AMB-018,4.624979,-74.208403,25,22,true,2026-08-23T02:24:30-05:00
AMB-018,4.554994,-74.145108,25,0,true,2026-08-23T03:30:10-05:00
AMB-018,4.611184,-74.070175,120,14,true,2026-08-23T03:17:09-05:00
AMB-018,4.623707,-74.20015,25,14,true,2026-08-23T04:46:52-05:00
AMB-018,4.5634,-74.157562,65,0,true,2026-08-23T05:19:08-05:00
AMB-018,4.5968,-74.065763,40,14,true,2026-08-23T06:04:16-05:00
AMB-019,4.616044,-74.082425,8,14,true,2026-08-22T19:03:14-05:00
AMB-019,4.625091,-74.124748,40,45,true,2026-08-22T19:13:00-05:00
AMB-019,4.673492,-74.1549,120,0,true,2026-08-22T20:22:03-05:00
AMB-019,4.620978,-74.066789,12,22,true,2026-08-22T21:45:17-05:00
AMB-019,4.643862,-74.114882,12,22,true,2026-08-22T22:27:16-05:00
AMB-019,4.67683,-74.151573,8,58,true,2026-08-22T23:26:41-05:00
AMB-019,4.620606,-74.088975,120,0,true,2026-08-22T23:28:23-05:00
AMB-019,4.640694,-74.124873,18,0,true,2026-08-23T00:33:25-05:00
AMB-019,4.680246,-74.135735,8,0,true,2026-08-23T01:52:50-05:00
AMB-019,4.620179,-74.087075,40,22,true,2026-08-23T02:15:51-05:00
AMB-019,4.64098,-74.124959,8,58,true,2026-08-23T03:25:57-05:00
AMB-019,4.669936,-74.137134,40,58,true,2026-08-23T03:19:07-05:00
AMB-019,4.603933,-74.083744,120,45,true,2026-08-23T04:37:06-05:00
AMB-019,4.625266,-74.115542,120,14,true,2026-08-23T05:52:33-05:00
AMB-019,4.660227,-74.141181,120,14,true,2026-08-23T06:07:58-05:00
AMB-020,4.699915,-74.114672,25,31,true,2026-08-22T19:55:37-05:00
AMB-020,4.709916,-74.034461,65,58,true,2026-08-22T19:35:31-05:00
AMB-020,4.61209,-74.152536,40,45,true,2026-08-22T20:40:41-05:00
AMB-020,4.689508,-74.115927,25,0,true,2026-08-22T21:31:58-05:00
AMB-020,4.726606,-74.04395,65,14,true,2026-08-22T22:58:37-05:00
AMB-020,4.632684,-74.136722,18,45,true,2026-08-22T23:54:55-05:00
AMB-020,4.70593,-74.104765,25,45,true,2026-08-22T23:32:49-05:00
AMB-020,4.722116,-74.033499,12,22,true,2026-08-23T00:03:37-05:00
AMB-020,4.623077,-74.149819,40,0,true,2026-08-23T01:18:04-05:00
AMB-020,4.694478,-74.102337,12,22,true,2026-08-23T02:04:43-05:00
AMB-020,4.723236,-74.054001,120,31,true,2026-08-23T03:28:28-05:00
AMB-020,4.619575,-74.141939,18,14,true,2026-08-23T03:39:54-05:00
AMB-020,4.6881,-74.118129,12,22,true,2026-08-23T04:50:53-05:00
AMB-020,4.720956,-74.036141,12,58,true,2026-08-23T05:31:47-05:00
AMB-020,4.622455,-74.136596,120,22,true,2026-08-23T06:55:35-05:00
AMB-021,4.688575,-74.150044,12,58,false,2026-08-22T19:59:06-05:00
AMB-021,4.61751,-74.146518,18,45,false,2026-08-22T19:55:38-05:00
AMB-021,4.67264,-74.077706,40,14,false,2026-08-22T20:14:48-05:00
AMB-021,4.676283,-74.161544,12,45,false,2026-08-22T21:32:22-05:00
AMB-021,4.61893,-74.133229,25,0,false,2026-08-22T22:07:31-05:00
AMB-021,4.677055,-74.066608,18,0,false,2026-08-22T23:42:18-05:00
AMB-021,4.683613,-74.149573,40,58,false,2026-08-22T23:53:12-05:00
AMB-021,4.626483,-74.150477,12,0,false,2026-08-23T00:44:43-05:00
AMB-021,4.66512,-74.08528,65,31,false,2026-08-23T01:18:20-05:00
AMB-021,4.6745,-74.142779,25,31,false,2026-08-23T02:21:30-05:00
AMB-021,4.630019,-74.130592,12,0,false,2026-08-23T03:48:46-05:00
AMB-021,4.661584,-74.081978,25,58,false,2026-08-23T03:51:49-05:00
AMB-021,4.685879,-74.149451,12,31,false,2026-08-23T04:54:55-05:00
AMB-021,4.62718,-74.132939,8,0,false,2026-08-23T05:14:37-05:00
AMB-021,4.668745,-74.078389,120,0,false,2026-08-23T06:37:58-05:00
AMB-022,4.638127,-74.207268,40,0,true,2026-08-22T19:18:54-05:00
AMB-022,4.69194,-74.101809,40,58,true,2026-08-22T19:52:17-05:00
AMB-022,4.591581,-74.086194,120,58,true,2026-08-22T20:30:51-05:00
AMB-022,4.632226,-74.19894,18,45,true,2026-08-22T21:06:03-05:00
AMB-022,4.687816,-74.118703,8,31,true,2026-08-22T22:34:31-05:00
AMB-022,4.571814,-74.090814,8,45,true,2026-08-22T23:35:02-05:00
AMB-022,4.653174,-74.205545,25,0,true,2026-08-22T23:18:52-05:00
AMB-022,4.706405,-74.101932,12,45,true,2026-08-23T00:30:45-05:00
AMB-022,4.593584,-74.096619,40,22,true,2026-08-23T01:16:05-05:00
AMB-022,4.642659,-74.211687,65,31,true,2026-08-23T02:58:14-05:00
AMB-022,4.68828,-74.110957,18,31,true,2026-08-23T03:58:43-05:00
AMB-022,4.57012,-74.080667,12,0,true,2026-08-23T03:01:03-05:00
AMB-022,4.63541,-74.220892,40,0,true,2026-08-23T04:27:47-05:00
AMB-022,4.687797,-74.116836,12,14,true,2026-08-23T05:14:01-05:00
AMB-022,4.571924,-74.095667,65,58,true,2026-08-23T06:52:47-05:00
AMB-023,4.737795,-74.093285,65,14,true,2026-08-22T19:45:12-05:00
AMB-023,4.688187,-74.111192,12,22,true,2026-08-22T19:46:33-05:00
AMB-023,4.747181,-74.09483,65,22,true,2026-08-22T20:17:42-05:00
AMB-023,4.741232,-74.079176,40,14,true,2026-08-22T21:20:16-05:00
AMB-023,4.690926,-74.105243,65,14,true,2026-08-22T22:00:12-05:00
AMB-023,4.738387,-74.091256,65,22,true,2026-08-22T23:00:27-05:00
AMB-023,4.741316,-74.093912,40,31,true,2026-08-22T23:17:26-05:00
AMB-023,4.699255,-74.110484,18,22,true,2026-08-23T00:22:19-05:00
AMB-023,4.734694,-74.09052,120,22,true,2026-08-23T01:26:44-05:00
AMB-023,4.742739,-74.073901,8,0,true,2026-08-23T02:05:25-05:00
AMB-023,4.706434,-74.102149,40,31,true,2026-08-23T03:10:52-05:00
AMB-023,4.748581,-74.091396,8,45,true,2026-08-23T03:21:18-05:00
AMB-023,4.741806,-74.09414,25,22,true,2026-08-23T04:41:34-05:00
AMB-023,4.709152,-74.101482,18,0,true,2026-08-23T05:31:57-05:00
AMB-023,4.739031,-74.098568,65,45,true,2026-08-23T06:24:48-05:00
AMB-024,4.615836,-74.074605,8,31,true,2026-08-22T19:50:05-05:00
AMB-024,4.575272,-74.087535,12,45,true,2026-08-22T19:05:07-05:00
AMB-024,4.741921,-74.100597,8,0,true,2026-08-22T20:45:47-05:00
AMB-024,4.614851,-74.058222,25,14,true,2026-08-22T21:51:48-05:00
AMB-024,4.56512,-74.073319,18,14,true,2026-08-22T22:22:59-05:00
AMB-024,4.754093,-74.09687,120,58,true,2026-08-22T23:59:57-05:00
AMB-024,4.611714,-74.060688,12,22,true,2026-08-22T23:28:17-05:00
AMB-024,4.566607,-74.089441,120,45,true,2026-08-23T00:14:31-05:00
AMB-024,4.735121,-74.10054,40,58,true,2026-08-23T01:33:27-05:00
AMB-024,4.614851,-74.069871,25,45,true,2026-08-23T02:38:21-05:00
AMB-024,4.588205,-74.083509,8,0,true,2026-08-23T03:53:04-05:00
AMB-024,4.730759,-74.101251,120,31,true,2026-08-23T03:46:28-05:00
AMB-024,4.598752,-74.058461,12,31,true,2026-08-23T04:08:25-05:00
AMB-024,4.587405,-74.081036,8,22,true,2026-08-23T05:49:26-05:00
AMB-024,4.745538,-74.089905,8,45,true,2026-08-23T06:36:29-05:00
AMB-025,4.594938,-74.08208,25,22,false,2026-08-22T19:52:58-05:00
AMB-025,4.643045,-74.204839,65,0,false,2026-08-22T19:09:51-05:00
AMB-025,4.739778,-74.074902,8,14,false,2026-08-22T20:57:38-05:00
AMB-025,4.57948,-74.08063,8,58,false,2026-08-22T21:10:46-05:00
AMB-025,4.649401,-74.217776,120,45,false,2026-08-22T22:51:29-05:00
AMB-025,4.733176,-74.07516,8,31,false,2026-08-22T23:36:07-05:00
AMB-025,4.583272,-74.100809,8,14,false,2026-08-22T23:41:03-05:00
AMB-025,4.633567,-74.213126,8,0,false,2026-08-23T00:48:26-05:00
AMB-025,4.734899,-74.091332,18,22,false,2026-08-23T01:11:26-05:00
AMB-025,4.582623,-74.100425,18,0,false,2026-08-23T02:25:14-05:00
AMB-025,4.634206,-74.222913,25,45,false,2026-08-23T03:58:08-05:00
AMB-025,4.752885,-74.080527,65,14,false,2026-08-23T03:07:46-05:00
AMB-025,4.598024,-74.095138,65,22,false,2026-08-23T04:58:20-05:00
AMB-025,4.639801,-74.202324,120,58,false,2026-08-23T05:02:18-05:00
AMB-025,4.745166,-74.087472,18,31,false,2026-08-23T06:21:20-05:00
AMB-026,4.669298,-74.142027,120,0,true,2026-08-22T19:06:19-05:00
AMB-026,4.582268,-74.112373,12,31,true,2026-08-22T19:51:02-05:00
AMB-026,4.675851,-74.072837,120,31,true,2026-08-22T20:18:43-05:00
AMB-026,4.681753,-74.150691,120,0,true,2026-08-22T21:32:58-05:00
AMB-026,4.5755,-74.114572,25,14,true,2026-08-22T22:33:07-05:00
AMB-026,4.661382,-74.078239,8,45,true,2026-08-22T23:15:33-05:00
AMB-026,4.669968,-74.140377,8,45,true,2026-08-22T23:03:14-05:00
AMB-026,4.579531,-74.115168,18,45,true,2026-08-23T00:32:04-05:00
AMB-026,4.671552,-74.072955,65,14,true,2026-08-23T01:52:27-05:00
AMB-026,4.67914,-74.138283,12,31,true,2026-08-23T02:17:47-05:00
AMB-026,4.574662,-74.092,12,58,true,2026-08-23T03:36:26-05:00
AMB-026,4.666316,-74.075188,12,0,true,2026-08-23T03:35:08-05:00
AMB-026,4.669235,-74.13899,8,0,true,2026-08-23T04:17:22-05:00
AMB-026,4.569425,-74.103658,25,58,true,2026-08-23T05:04:40-05:00
AMB-026,4.666887,-74.069115,40,58,true,2026-08-23T06:38:52-05:00
AMB-027,4.624354,-74.116379,18,22,true,2026-08-22T19:28:24-05:00
AMB-027,4.623449,-74.143257,18,58,true,2026-08-22T19:32:24-05:00
AMB-027,4.758525,-74.082578,8,0,true,2026-08-22T20:12:07-05:00
AMB-027,4.6187,-74.12597,120,0,true,2026-08-22T21:42:35-05:00
AMB-027,4.62131,-74.14175,120,31,true,2026-08-22T22:15:08-05:00
AMB-027,4.752913,-74.082922,25,14,true,2026-08-22T23:14:07-05:00
AMB-027,4.63448,-74.124545,12,14,true,2026-08-22T23:27:34-05:00
AMB-027,4.631435,-74.145519,18,0,true,2026-08-23T00:22:27-05:00
AMB-027,4.748901,-74.090874,25,31,true,2026-08-23T01:26:05-05:00
AMB-027,4.621298,-74.134144,40,58,true,2026-08-23T02:00:07-05:00
AMB-027,4.625724,-74.15854,12,0,true,2026-08-23T03:04:01-05:00
AMB-027,4.739634,-74.085908,120,45,true,2026-08-23T03:04:41-05:00
AMB-027,4.621828,-74.128012,12,31,true,2026-08-23T04:20:14-05:00
AMB-027,4.63141,-74.153393,12,14,true,2026-08-23T05:58:06-05:00
AMB-027,4.736605,-74.089394,65,31,true,2026-08-23T06:16:24-05:00
AMB-028,4.688915,-74.120955,25,58,true,2026-08-22T19:30:56-05:00
AMB-028,4.679443,-74.103149,12,58,true,2026-08-22T19:04:49-05:00
AMB-028,4.735159,-74.090834,18,22,true,2026-08-22T20:38:39-05:00
AMB-028,4.694089,-74.120062,25,0,true,2026-08-22T21:18:06-05:00
AMB-028,4.702448,-74.094218,8,0,true,2026-08-22T22:51:35-05:00
AMB-028,4.742593,-74.071831,65,0,true,2026-08-22T23:12:12-05:00
AMB-028,4.682226,-74.105529,8,0,true,2026-08-22T23:45:46-05:00
AMB-028,4.6834,-74.11406,65,31,true,2026-08-23T00:56:25-05:00
AMB-028,4.728024,-74.078248,120,0,true,2026-08-23T01:34:54-05:00
AMB-028,4.698696,-74.09854,12,45,true,2026-08-23T02:25:58-05:00
AMB-028,4.679542,-74.099941,65,58,true,2026-08-23T03:00:39-05:00
AMB-028,4.738807,-74.088767,25,0,true,2026-08-23T03:09:03-05:00
AMB-028,4.686337,-74.097585,40,0,true,2026-08-23T04:58:22-05:00
AMB-028,4.695868,-74.103196,25,31,true,2026-08-23T05:24:35-05:00
AMB-028,4.735455,-74.083319,120,58,true,2026-08-23T06:49:26-05:00
AMB-029,4.63717,-74.20003,8,31,false,2026-08-22T19:34:08-05:00
AMB-029,4.715626,-74.118282,18,58,false,2026-08-22T19:51:16-05:00
AMB-029,4.74281,-74.095258,8,58,false,2026-08-22T20:14:05-05:00
AMB-029,4.638034,-74.189557,25,0,false,2026-08-22T21:46:52-05:00
AMB-029,4.714896,-74.1092,120,14,false,2026-08-22T22:10:02-05:00
AMB-029,4.726225,-74.090479,40,31,false,2026-08-22T23:59:05-05:00
AMB-029,4.631237,-74.190901,25,31,false,2026-08-22T23:59:05-05:00
AMB-029,4.704171,-74.115767,8,22,false,2026-08-23T00:15:41-05:00
AMB-029,4.724577,-74.093837,8,0,false,2026-08-23T01:02:10-05:00
AMB-029,4.641686,-74.206509,25,45,false,2026-08-23T02:47:44-05:00
AMB-029,4.703105,-74.11281,40,31,false,2026-08-23T03:56:23-05:00
AMB-029,4.737248,-74.095283,40,22,false,2026-08-23T03:21:07-05:00
AMB-029,4.652026,-74.18734,18,14,false,2026-08-23T04:46:16-05:00
AMB-029,4.703154,-74.119239,12,0,false,2026-08-23T05:46:18-05:00
AMB-029,4.735608,-74.099535,18,45,false,2026-08-23T06:11:50-05:00
AMB-030,4.631162,-74.151611,18,14,true,2026-08-22T19:47:44-05:00
AMB-030,4.7021,-74.113719,40,14,true,2026-08-22T19:35:25-05:00
AMB-030,4.758005,-74.083337,25,58,true,2026-08-22T20:07:07-05:00
AMB-030,4.630656,-74.15688,18,14,true,2026-08-22T21:27:33-05:00
AMB-030,4.694566,-74.110516,25,14,true,2026-08-22T22:50:30-05:00
AMB-030,4.756523,-74.100186,18,0,true,2026-08-22T23:02:09-05:00
AMB-030,4.64217,-74.139671,12,14,true,2026-08-22T23:42:01-05:00
AMB-030,4.701714,-74.102606,120,0,true,2026-08-23T00:50:01-05:00
AMB-030,4.759806,-74.098232,18,45,true,2026-08-23T01:54:28-05:00
AMB-030,4.632022,-74.147468,8,45,true,2026-08-23T02:18:37-05:00
AMB-030,4.694196,-74.101414,18,45,true,2026-08-23T03:24:03-05:00
AMB-030,4.751672,-74.086105,12,45,true,2026-08-23T03:51:53-05:00
AMB-030,4.621994,-74.141359,40,22,true,2026-08-23T04:43:50-05:00
AMB-030,4.710084,-74.106098,18,31,true,2026-08-23T05:40:01-05:00
AMB-030,4.756531,-74.096581,18,0,true,2026-08-23T06:37:18-05:00
AMB-031,4.692495,-74.104908,12,0,true,2026-08-22T19:00:52-05:00
AMB-031,4.738776,-74.086045,65,22,true,2026-08-22T19:31:16-05:00
AMB-031,4.628959,-74.146448,120,58,true,2026-08-22T20:15:42-05:00
AMB-031,4.705285,-74.114311,8,14,true,2026-08-22T21:52:20-05:00
AMB-031,4.739364,-74.105363,40,22,true,2026-08-22T22:37:57-05:00
AMB-031,4.62927,-74.140442,120,0,true,2026-08-22T23:30:02-05:00
AMB-031,4.690469,-74.116564,8,58,true,2026-08-22T23:29:31-05:00
AMB-031,4.725661,-74.095663,18,22,true,2026-08-23T00:08:39-05:00
AMB-031,4.634302,-74.141906,120,31,true,2026-08-23T01:20:35-05:00
AMB-031,4.708609,-74.117083,18,45,true,2026-08-23T02:58:33-05:00
AMB-031,4.740243,-74.096588,40,31,true,2026-08-23T03:00:03-05:00
AMB-031,4.636456,-74.134821,18,45,true,2026-08-23T03:34:13-05:00
AMB-031,4.710276,-74.104972,120,0,true,2026-08-23T04:05:47-05:00
AMB-031,4.736939,-74.083828,65,45,true,2026-08-23T05:54:03-05:00
AMB-031,4.622693,-74.139782,12,22,true,2026-08-23T06:23:03-05:00
AMB-032,4.721305,-74.046446,8,0,true,2026-08-22T19:06:02-05:00
AMB-032,4.624817,-74.085038,25,31,true,2026-08-22T19:11:13-05:00
AMB-032,4.703059,-74.10781,12,58,true,2026-08-22T20:29:05-05:00
AMB-032,4.731087,-74.031429,12,14,true,2026-08-22T21:03:30-05:00
AMB-032,4.619698,-74.077166,8,31,true,2026-08-22T22:41:56-05:00
AMB-032,4.694552,-74.092853,12,14,true,2026-08-22T23:34:11-05:00
AMB-032,4.724933,-74.040083,12,0,true,2026-08-22T23:07:03-05:00
AMB-032,4.623354,-74.089871,8,14,true,2026-08-23T00:49:14-05:00
AMB-032,4.690173,-74.11074,8,58,true,2026-08-23T01:27:47-05:00
AMB-032,4.738508,-74.036966,25,58,true,2026-08-23T02:24:36-05:00
AMB-032,4.623814,-74.093051,12,0,true,2026-08-23T03:44:13-05:00
AMB-032,4.701821,-74.10415,12,58,true,2026-08-23T03:58:11-05:00
AMB-032,4.720175,-74.045467,8,14,true,2026-08-23T04:32:14-05:00
AMB-032,4.620049,-74.091877,8,58,true,2026-08-23T05:25:08-05:00
AMB-032,4.693734,-74.093702,18,45,true,2026-08-23T06:10:14-05:00
AMB-033,4.63818,-74.212265,8,22,false,2026-08-22T19:56:24-05:00
AMB-033,4.599664,-74.055479,12,22,false,2026-08-22T19:24:08-05:00
AMB-033,4.574507,-74.163451,18,45,false,2026-08-22T20:07:32-05:00
AMB-033,4.631443,-74.217807,8,0,false,2026-08-22T21:33:06-05:00
AMB-033,4.61049,-74.066557,18,0,false,2026-08-22T22:26:33-05:00
AMB-033,4.574728,-74.161318,25,0,false,2026-08-22T23:39:58-05:00
AMB-033,4.64282,-74.21528,18,31,false,2026-08-22T23:06:27-05:00
AMB-033,4.619855,-74.055029,25,58,false,2026-08-23T00:00:15-05:00
AMB-033,4.55783,-74.145481,8,58,false,2026-08-23T01:06:13-05:00
AMB-033,4.643306,-74.2032,40,14,false,2026-08-23T02:40:23-05:00
AMB-033,4.598271,-74.054405,18,58,false,2026-08-23T03:13:57-05:00
AMB-033,4.567057,-74.151711,8,14,false,2026-08-23T03:51:28-05:00
AMB-033,4.654004,-74.200359,25,14,false,2026-08-23T04:58:00-05:00
AMB-033,4.597297,-74.067636,120,31,false,2026-08-23T05:26:42-05:00
AMB-033,4.564661,-74.159177,65,22,false,2026-08-23T06:43:21-05:00
AMB-034,4.695058,-74.111055,65,22,true,2026-08-22T19:09:26-05:00
AMB-034,4.709357,-74.102818,8,58,true,2026-08-22T19:57:16-05:00
AMB-034,4.687402,-74.148544,65,0,true,2026-08-22T20:52:08-05:00
AMB-034,4.707308,-74.101246,40,0,true,2026-08-22T21:45:15-05:00
AMB-034,4.694598,-74.110349,25,0,true,2026-08-22T22:59:41-05:00
AMB-034,4.687492,-74.151712,25,45,true,2026-08-22T23:08:03-05:00
AMB-034,4.707243,-74.109086,8,0,true,2026-08-22T23:40:54-05:00
AMB-034,4.700263,-74.115574,120,0,true,2026-08-23T00:47:46-05:00
AMB-034,4.685447,-74.152593,65,0,true,2026-08-23T01:35:12-05:00
AMB-034,4.703681,-74.105545,40,14,true,2026-08-23T02:31:48-05:00
AMB-034,4.714542,-74.119082,40,31,true,2026-08-23T03:37:05-05:00
AMB-034,4.681829,-74.152438,120,14,true,2026-08-23T03:38:44-05:00
AMB-034,4.707892,-74.10407,12,58,true,2026-08-23T04:08:20-05:00
AMB-034,4.703537,-74.116829,12,14,true,2026-08-23T05:09:05-05:00
AMB-034,4.677049,-74.142004,12,31,true,2026-08-23T06:05:41-05:00
AMB-035,4.629011,-74.137562,25,31,true,2026-08-22T19:52:33-05:00
AMB-035,4.619165,-74.153612,65,31,true,2026-08-22T19:44:00-05:00
AMB-035,4.581038,-74.095602,18,0,true,2026-08-22T20:27:22-05:00
AMB-035,4.630474,-74.137543,25,45,true,2026-08-22T21:16:49-05:00
AMB-035,4.609764,-74.142003,40,45,true,2026-08-22T22:11:20-05:00
AMB-035,4.577317,-74.087663,25,45,true,2026-08-22T23:03:41-05:00
AMB-035,4.62466,-74.153421,18,0,true,2026-08-22T23:24:08-05:00
AMB-035,4.617894,-74.150646,25,0,true,2026-08-23T00:18:05-05:00
AMB-035,4.59267,-74.097012,8,14,true,2026-08-23T01:18:00-05:00
AMB-035,4.625481,-74.132453,40,45,true,2026-08-23T02:38:00-05:00
AMB-035,4.624244,-74.13285,8,58,true,2026-08-23T03:47:04-05:00
AMB-035,4.589418,-74.098125,18,45,true,2026-08-23T03:24:37-05:00
AMB-035,4.623204,-74.153449,25,58,true,2026-08-23T04:38:33-05:00
AMB-035,4.610242,-74.145088,18,45,true,2026-08-23T05:10:39-05:00
AMB-035,4.572228,-74.095193,40,58,true,2026-08-23T06:05:22-05:00
AMB-036,4.693319,-74.102002,40,58,true,2026-08-22T19:49:07-05:00
AMB-036,4.627394,-74.203333,25,22,true,2026-08-22T19:50:11-05:00
AMB-036,4.639264,-74.205115,40,14,true,2026-08-22T20:24:50-05:00
AMB-036,4.692745,-74.106855,65,31,true,2026-08-22T21:33:19-05:00
AMB-036,4.641645,-74.19178,40,45,true,2026-08-22T22:53:02-05:00
AMB-036,4.625682,-74.211996,65,45,true,2026-08-22T23:24:45-05:00
AMB-036,4.702977,-74.107624,120,58,true,2026-08-22T23:55:16-05:00
AMB-036,4.627042,-74.193046,120,45,true,2026-08-23T00:02:02-05:00
AMB-036,4.636647,-74.211224,120,14,true,2026-08-23T01:01:04-05:00
AMB-036,4.688625,-74.11574,18,14,true,2026-08-23T02:14:27-05:00
AMB-036,4.640629,-74.189487,8,31,true,2026-08-23T03:41:32-05:00
AMB-036,4.623694,-74.213651,8,0,true,2026-08-23T03:22:54-05:00
AMB-036,4.703838,-74.110774,65,14,true,2026-08-23T04:47:52-05:00
AMB-036,4.637301,-74.211794,18,58,true,2026-08-23T05:52:35-05:00
AMB-036,4.641994,-74.207081,40,14,true,2026-08-23T06:58:50-05:00
AMB-037,4.724233,-74.036348,120,31,false,2026-08-22T19:45:50-05:00
AMB-037,4.631198,-74.207147,120,14,false,2026-08-22T19:53:48-05:00
AMB-037,4.581305,-74.125772,25,31,false,2026-08-22T20:51:45-05:00
AMB-037,4.713382,-74.047697,25,0,false,2026-08-22T21:45:41-05:00
AMB-037,4.648686,-74.205755,18,22,false,2026-08-22T22:41:28-05:00
AMB-037,4.559712,-74.1259,40,0,false,2026-08-22T23:55:22-05:00
AMB-037,4.708847,-74.038101,65,0,false,2026-08-22T23:34:34-05:00
AMB-037,4.638998,-74.215333,120,22,false,2026-08-23T00:27:06-05:00
AMB-037,4.573172,-74.143804,18,58,false,2026-08-23T01:05:38-05:00
AMB-037,4.719546,-74.032125,25,45,false,2026-08-23T02:36:08-05:00
AMB-037,4.630651,-74.213953,40,0,false,2026-08-23T03:02:13-05:00
AMB-037,4.579479,-74.131971,65,31,false,2026-08-23T03:13:39-05:00
AMB-037,4.715235,-74.039353,25,0,false,2026-08-23T04:12:26-05:00
AMB-037,4.634266,-74.219242,65,0,false,2026-08-23T05:20:26-05:00
AMB-037,4.573014,-74.144862,18,0,false,2026-08-23T06:12:12-05:00
AMB-038,4.593178,-74.097165,120,45,true,2026-08-22T19:55:17-05:00
AMB-038,4.634777,-74.146668,40,0,true,2026-08-22T19:34:04-05:00
AMB-038,4.60893,-74.161672,12,45,true,2026-08-22T20:02:10-05:00
AMB-038,4.596256,-74.088009,65,14,true,2026-08-22T21:06:13-05:00
AMB-038,4.628032,-74.159107,40,0,true,2026-08-22T22:53:08-05:00
AMB-038,4.615812,-74.142893,65,45,true,2026-08-22T23:29:03-05:00
AMB-038,4.594861,-74.095093,120,0,true,2026-08-22T23:08:11-05:00
AMB-038,4.632994,-74.163534,12,14,true,2026-08-23T00:46:57-05:00
AMB-038,4.610417,-74.155295,8,31,true,2026-08-23T01:54:15-05:00
AMB-038,4.588821,-74.074531,25,58,true,2026-08-23T02:20:00-05:00
AMB-038,4.627098,-74.144136,25,45,true,2026-08-23T03:41:35-05:00
AMB-038,4.620691,-74.149979,120,31,true,2026-08-23T03:41:30-05:00
AMB-038,4.585182,-74.094139,8,31,true,2026-08-23T04:17:16-05:00
AMB-038,4.633829,-74.154901,8,14,true,2026-08-23T05:35:25-05:00
AMB-038,4.619942,-74.149044,12,31,true,2026-08-23T06:48:04-05:00
AMB-039,4.624151,-74.199744,12,45,true,2026-08-22T19:55:58-05:00
AMB-039,4.628058,-74.136666,8,58,true,2026-08-22T19:32:12-05:00
AMB-039,4.556047,-74.153385,8,22,true,2026-08-22T20:30:40-05:00
AMB-039,4.622287,-74.215805,40,22,true,2026-08-22T21:53:54-05:00
AMB-039,4.62974,-74.151288,12,22,true,2026-08-22T22:20:04-05:00
AMB-039,4.552811,-74.145623,120,22,true,2026-08-22T23:09:55-05:00
AMB-039,4.63042,-74.213644,25,14,true,2026-08-22T23:33:47-05:00
AMB-039,4.634069,-74.131734,18,22,true,2026-08-23T00:50:56-05:00
AMB-039,4.562143,-74.139543,40,14,true,2026-08-23T01:17:25-05:00
AMB-039,4.628044,-74.213076,25,14,true,2026-08-23T02:32:19-05:00
AMB-039,4.613409,-74.135988,40,58,true,2026-08-23T03:58:02-05:00
AMB-039,4.561833,-74.139092,12,14,true,2026-08-23T03:15:31-05:00
AMB-039,4.620117,-74.195005,25,45,true,2026-08-23T04:31:55-05:00
AMB-039,4.612904,-74.135076,18,45,true,2026-08-23T05:19:46-05:00
AMB-039,4.56774,-74.15572,120,0,true,2026-08-23T06:33:31-05:00
AMB-040,4.668782,-74.077794,40,0,true,2026-08-22T19:37:00-05:00
AMB-040,4.623483,-74.15011,40,22,true,2026-08-22T19:23:43-05:00
AMB-040,4.635873,-74.221598,120,0,true,2026-08-22T20:42:06-05:00
AMB-040,4.658696,-74.079465,40,58,true,2026-08-22T21:24:55-05:00
AMB-040,4.626753,-74.152326,25,58,true,2026-08-22T22:30:15-05:00
AMB-040,4.640383,-74.208424,8,22,true,2026-08-22T23:48:22-05:00
AMB-040,4.658608,-74.075074,120,14,true,2026-08-22T23:11:53-05:00
AMB-040,4.619936,-74.144973,65,58,true,2026-08-23T00:18:13-05:00
AMB-040,4.639061,-74.223601,8,14,true,2026-08-23T01:19:13-05:00
AMB-040,4.667198,-74.077825,25,0,true,2026-08-23T02:58:56-05:00
AMB-040,4.614295,-74.15782,8,22,true,2026-08-23T03:14:20-05:00
AMB-040,4.640116,-74.223862,8,22,true,2026-08-23T03:18:52-05:00
AMB-040,4.67803,-74.067449,12,14,true,2026-08-23T04:43:26-05:00
AMB-040,4.614848,-74.136327,25,45,true,2026-08-23T05:19:56-05:00
AMB-040,4.637306,-74.21563,25,14,true,2026-08-23T06:14:54-05:00
