Año;Mes;Total RISS;Centro Oriente;Norte;Sur;Sur Occidente;Sede priorizada Santa Clara;Sede priorizada Engativá Calle 80;Sede priorizada Simón Bolívar;Sede priorizada El Tunal;Sede priorizada Hospital de Bosa;Sede priorizada Occidente de Kennedy
2021;Enero;73,27%;78,96%;63,54%;77,11%;71,39%;95,02%;55,17%;61,72%;89,22%;52,88%;112,51%
2021;Febrero;65,58%;65,20%;60,33%;70,33%;65,15%;91,46%;54,10%;61,63%;77,30%;54,30%;96,25%
2021;Marzo;70,12%;75,46%;61,52%;72,02%;70,09%;96,05%;48,07%;79,36%;82,63%;62,29%;92,00%
2021;Abril;73,73%;82,03%;61,64%;71,50%;78,29%;109,16%;54,66%;82,35%;87,63%;79,62%;95,37%
2021;Mayo;84,31%;98,18%;70,69%;88,64%;79,68%;121,84%;66,18%;79,02%;116,98%;84,36%;91,75%
2021;Junio;96,79%;118,69%;78,29%;102,87%;88,82%;136,38%;75,46%;82,20%;125,73%;97,12%;97,04%
2021;Julio;75,30%;92,24%;55,02%;73,30%;82,04%;116,91%;59,46%;76,86%;95,79%;90,65%;96,88%
2021;Agosto;72,62%;88,12%;61,96%;58,72%;81,95%;114,17%;54,17%;78,84%;67,44%;90,13%;95,29%
2021;Septiembre;79,31%;96,00%;73,02%;65,44%;84,06%;125,53%;61,69%;83,54%;67,99%;82,77%;94,51%
2021;Octubre;82,70%;95,34%;73,89%;75,98%;85,01%;130,48%;62,85%;83,65%;80,45%;96,34%;95,55%
2021;Noviembre;84,35%;99,85%;77,06%;73,41%;86,47%;129,59%;67,95%;86,72%;78,68%;99,85%;90,08%
2021;Diciembre;78,92%;97,67%;75,52%;62,00%;75,99%;130,93%;68,77%;85,71%;67,58%;99,71%;78,96%
2022;Enero;79,58%;84,15%;75,20%;75,48%;83,92%;114,60%;69,61%;82,64%;88,83%;103,14%;91,47%
2022;Febrero;84,38%;92,29%;79,67%;81,23%;85,84%;125,41%;67,97%;97,61%;97,97%;101,62%;89,60%
2022;Marzo;87,36%;96,31%;77,85%;87,67%;89,55%;135,39%;70,05%;94,10%;93,96%;102,65%;90,25%
2022;Abril;87,60%;91,76%;78,89%;87,11%;93,01%;128,31%;61,14%;100,61%;84,45%;81,13%;96,78%
2022;Mayo;101,86%;100,90%;90,80%;107,01%;108,62%;133,27%;63,19%;111,02%;97,49%;99,02%;117,98%
2022;Junio;101,66%;104,06%;93,77%;109,94%;100,74%;143,49%;56,07%;118,11%;110,61%;112,89%;110,68%
2022;Julio;100,78%;105,59%;94,39%;120,59%;88,58%;145,06%;75,47%;124,54%;124,30%;104,27%;104,70%
2022;Agosto;94,73%;96,58%;86,79%;103,14%;94,81%;123,36%;62,40%;109,74%;106,11%;93,94%;123,32%
2022;Septiembre;93,03%;103,66%;84,95%;96,44%;90,59%;165,57%;62,22%;107,73%;106,92%;83,63%;122,09%
2022;Octubre;90,11%;106,64%;79,25%;93,06%;86,95%;165,57%;62,22%;107,73%;106,92%;83,63%;122,09%
2022;Noviembre;96,66%;110,41%;84,94%;110,41%;87,32%;203,81%;66,85%;106,92%;110,74%;80,47%;116,18%
2022;Diciembre;82,44%;79,69%;74,88%;96,74%;80,85%;116,09%;55,33%;98,46%;91,18%;81,64%;117,02%
2023;Enero;76,46%;70,84%;71,91%;87,67%;76,95%;94,00%;67,98%;92,66%;91,33%;54,03%;128,31%
2023;Febrero;96,14%;99,78%;72,05%;107,68%;116,49%;143,62%;52,44%;98,60%;109,29%;58,18%;313,46%
2023;Marzo;109,87%;116,36%;86,27%;119,01%;124,22%;169,66%;87,96%;105,45%;124,13%;79,92%;273,50%
2023;Abril;113,19%;117,18%;89,56%;121,16%;131,84%;163,84%;88,27%;107,24%;116,98%;105,26%;272,12%
2023;Mayo;128,78%;124,04%;97,72%;147,66%;153,88%;171,49%;95,44%;111,08%;138,55%;115,71%;264,57%
2023;Junio;116,01%;106,17%;94,48%;149,38%;125,79%;147,37%;96,89%;108,70%;220,47%;64,93%;218,30%
2023;Julio;108,85%;105,72%;93,16%;125,76%;118,70%;144,47%;92,56%;113,11%;223,00%;64,92%;211,58%
2023;Agosto;116,15%;112,61%;90,76%;149,28%;126,28%;144,47%;92,56%;113,11%;223,00%;64,92%;211,58%
2023;Septiembre;119,67%;108,90%;88,24%;157,54%;150,13%;150,43%;79,24%;116,90%;247,70%;83,46%;207,29%
2023;Octubre;121,91%;105,63%;86,08%;153,04%;169,18%;142,49%;83,99%;120,18%;234,75%;86,32%;249,19%
2023;Noviembre;124,04%;118,58%;92,69%;151,31%;154,86%;150,77%;90,77%;122,26%;259,76%;88,40%;216,04%
2023;Diciembre;104,03%;95,01%;80,82%;120,99%;128,64%;144,68%;74,61%;111,08%;208,09%;68,31%;238,07%
2024;Enero;113,03%;100,08%;87,98%;138,36%;137,61%;138,20%;80,32%;112,08%;256,79%;54,91%;249,70%
2024;Febrero;115,37%;97,16%;90,25%;143,01%;144,34%;149,40%;86,50%;120,10%;257,00%;116,98%;238,05%
2024;Marzo;117,21%;98,71%;94,76%;137,72%;150,63%;143,16%;90,97%;127,21%;246,10%;154,20%;233,92%
2024;Abril;123,29%;99,31%;96,25%;151,70%;162,89%;148,81%;90,59%;126,52%;268,32%;185,54%;241,83%
2024;Mayo;133,15%;106,28%;102,15%;165,35%;186,28%;149,21%;87,87%;125,37%;275,49%;239,05%;235,83%
2024;Junio;130,32%;109,78%;103,40%;154,36%;175,95%;137,76%;86,03%;124,22%;259,63%;253,94%;226,41%
2024;Julio;117,32%;103,42%;97,57%;140,08%;148,45%;143,33%;89,67%;127,87%;273,30%;237,22%;195,74%
2024;Agosto;107,93%;97,31%;87,79%;134,59%;130,21%;130,69%;81,48%;114,51%;239,65%;138,37%;188,03%
2024;Septiembre;109,51%;97,15%;84,99%;135,46%;143,18%;119,24%;75,59%;105,18%;240,94%;158,44%;209,91%
2024;Octubre;106,87%;91,47%;86,08%;119,57%;149,27%;114,18%;79,54%;110,59%;254,92%;243,45%;208,97%
2024;Noviembre;110,84%;94,17%;90,64%;126,89%;150,73%;130,69%;81,48%;114,51%;239,65%;138,37%;188,03%
2024;Diciembre;109,07%;96,56%;91,65%;115,76%;157,21%;130,69%;81,48%;114,51%;239,65%;138,37%;188,03%
2025;Enero;108,23%;102,09%;87,77%;118,78%;144,36%;129,39%;86,96%;109,23%;204,76%;252,03%;198,05%
2025;Febrero;118,20%;106,19%;92,95%;121,80%;171,24%;133,43%;86,17%;119,20%;212,04%;315,46%;222,68%
2025;Marzo;126,31%;109,62%;94,69%;147,66%;184,03%;140,44%;86,83%;123,67%;249,41%;294,30%;234,04%
2025;Abril;129,61%;96,27%;103,57%;143,57%;211,73%;105,95%;97,46%;129,64%;233,75%;312,90%;249,19%
2025;Mayo;143,99%;102,96%;111,83%;163,39%;224,66%;111,52%;97,60%;152,75%;246,69%;354,52%;256,14%
2025;Junio;136,59%;94,24%;113,12%;176,40%;199,74%;93,61%;98,33%;150,90%;246,16%;304,33%;239,72%
2025;Julio;135,66%;88,89%;116,87%;148,93%;219,34%;102,15%;102,80%;157,31%;271,34%;268,25%;267,34%
2025;Agosto;126,13%;75,82%;111,13%;152,40%;192,10%;83,90%;115,35%;149,39%;278,58%;179,98%;273,86%
2025;Septiembre;132,52%;78,91%;110,55%;159,42%;197,42%;94,32%;98,32%;158,61%;281,30%;137,83%;280,92%
;;;;;;;;;;;;
;;;;;;;;;;;;
